,Rs_down,Rs_up,Rd_down,Rd_up,Rs_coverage,Rd_coverage,R_oracle,metric,id_method,est_method,beta_zy
0,-0.6934557603266597,0.40996345409577745,-0.46264536626375063,0.2546016050803857,1.0,1.0,0.006947368421052627,m_y=1,IV,plugin,0.0
1,-0.6538109665279533,0.37645847768077945,-0.41961289936667107,0.21664774105403292,1.0,1.0,-0.0007619047619047837,m_y=0,IV,plugin,0.0
2,-0.6885370472274535,0.7100485988338391,-0.2260251482018055,0.24753669980819115,1.0,1.0,0.0037660234961255368,m_a=0,IV,plugin,0.0
3,-0.2258776167905337,0.23854040530991832,-0.22587761679053373,0.2385404053099182,1.0,1.0,0.003921529173462723,m_a=1,IV,plugin,0.0
4,-0.4564155850732908,0.47321558507329087,-0.22608465935851813,0.24288465935851816,1.0,1.0,0.003700000000000009,m_u,IV,plugin,0.0
0,-0.686418368855854,0.39682557077193603,-0.4585150849940952,0.23750945273851326,1.0,1.0,0.0003113971351463512,m_y=1,IV,plugin,0.0
1,-0.6472274495415175,0.3795387368330624,-0.4089351555644174,0.2167433707304805,1.0,1.0,-0.0015435076210688697,m_y=0,IV,plugin,0.0
2,-0.6909142760689381,0.7004517483528219,-0.22466477511744304,0.23420224740132678,1.0,1.0,0.0009508227361747501,m_a=0,IV,plugin,0.0
3,-0.22827205583827825,0.22747163270674636,-0.22827205583827825,0.22747163270674645,1.0,1.0,0.0009018533672471296,m_a=1,IV,plugin,0.0
4,-0.45878556364523304,0.463185563645233,-0.2261503751454846,0.23055037514548457,1.0,1.0,0.0009499999999999925,m_u,IV,plugin,0.0
0,-0.687641072653308,0.3983170346902356,-0.46473293182215486,0.24173641306844612,1.0,1.0,-0.00031642231832084664,m_y=1,IV,plugin,0.0
1,-0.6426031848185596,0.3769819264558164,-0.407446783214254,0.21612802335569992,1.0,1.0,-0.003992774978610144,m_y=0,IV,plugin,0.0
2,-0.6956387911733987,0.7022540545178804,-0.22997284079213792,0.2365881041366195,1.0,1.0,0.0019062043038454712,m_a=0,IV,plugin,0.0
3,-0.2288227266247141,0.23419390157633915,-0.2288227266247141,0.2341939015763391,1.0,1.0,0.0017607064933499172,m_a=1,IV,plugin,0.0
4,-0.46124221655392006,0.46744221655392,-0.22824625828065623,0.2344462582806562,1.0,1.0,0.0019500000000000073,m_u,IV,plugin,0.0
0,-0.6811493723991183,0.38863469150126245,-0.45629220475070387,0.22730483194435291,1.0,1.0,0.00783068783068782,m_y=1,IV,plugin,0.0
1,-0.6425336270010806,0.34950846011618303,-0.4162569925870668,0.18386916898159086,1.0,1.0,-0.015924170616113755,m_y=0,IV,plugin,0.0
2,-0.6399881706572218,0.6875151798955013,-0.19403348765315673,0.24156049689143622,1.0,1.0,0.01194081200369157,m_a=0,IV,plugin,0.0
3,-0.22012596721743388,0.21501810233911192,-0.22012596721743388,0.21501810233911187,1.0,1.0,0.011740551004623345,m_a=1,IV,plugin,0.0
4,-0.42974802404081924,0.4514480240408192,-0.20476388646526847,0.22646388646526847,1.0,1.0,0.0121,m_u,IV,plugin,0.0
0,-0.6888708202840317,0.4081172632776691,-0.4551916305605451,0.24896818904488388,1.0,1.0,0.006220347917764881,m_y=1,IV,plugin,0.0
1,-0.6509148809104046,0.3737487881955095,-0.41471900206379725,0.21012919520217993,1.0,1.0,-0.0041844983357109036,m_y=0,IV,plugin,0.0
2,-0.6820238091200005,0.7056049563176833,-0.21670465008561032,0.24028579728329316,1.0,1.0,0.005163206570738543,m_a=0,IV,plugin,0.0
3,-0.22219763059073658,0.2341399463921236,-0.22219763059073658,0.23413994639212357,1.0,1.0,0.005214054325302975,m_a=1,IV,plugin,0.0
4,-0.45232421382418286,0.4700242138241829,-0.21947850664337407,0.2371785066433741,1.0,1.0,0.005150000000000002,m_u,IV,plugin,0.0
0,-0.6648554733142371,0.4071696308465541,-0.4369770950124801,0.2543088252565743,1.0,1.0,0.005084745762711863,m_y=1,IV,plugin,0.0
1,-0.6293021461292494,0.37697743263638295,-0.39715166470691926,0.2197019871578278,1.0,1.0,0.001420454545454547,m_y=0,IV,plugin,0.0
2,-0.6888912743460555,0.6974372658303438,-0.2292555921294522,0.2378015836137405,1.0,1.0,0.0017423459870206104,m_a=0,IV,plugin,0.0
3,-0.22004123158362504,0.2408272317942976,-0.220041231583625,0.24082723179429766,1.0,1.0,0.001909259143268227,m_a=1,IV,plugin,0.0
4,-0.4545040550131357,0.46890405501313587,-0.22477814104127739,0.23917814104127738,1.0,1.0,0.0016499999999999987,m_u,IV,plugin,0.0
0,-0.7125494225123888,0.40144902222031587,-0.48334213993015246,0.24061223454252278,1.0,1.0,0.0017789870238593334,m_y=1,IV,plugin,0.0
1,-0.6604545084331015,0.38004045891100735,-0.41783523305747855,0.21501214264410584,1.0,1.0,-0.003638452700114896,m_y=0,IV,plugin,0.0
2,-0.6932285163854399,0.7080633191192295,-0.22489785579595045,0.23973265852973985,1.0,1.0,0.0027612392708938893,m_a=0,IV,plugin,0.0
3,-0.23159890228066113,0.22710206819306986,-0.23159890228066118,0.22710206819306986,1.0,1.0,0.0026465985610048537,m_a=1,IV,plugin,0.0
4,-0.46089511169786135,0.46609511169786144,-0.22773669232338398,0.232936692323384,1.0,1.0,0.0027499999999999886,m_u,IV,plugin,0.0
0,-0.6917567845656668,0.4044856081865575,-0.46442256752233996,0.2493013352601839,1.0,1.0,0.004834980029430305,m_y=1,IV,plugin,0.0
1,-0.6524447681995917,0.38155374045481016,-0.41698580926553586,0.22249904148594668,1.0,1.0,0.0014304787335494957,m_y=0,IV,plugin,0.0
2,-0.6930087461834538,0.7056644307821628,-0.230602293031072,0.2432579776297811,1.0,1.0,0.0016244170375325773,m_a=0,IV,plugin,0.0
3,-0.23056634723745253,0.2358244383568128,-0.23056634723745253,0.23582443835681274,1.0,1.0,0.0017705446952377413,m_a=1,IV,plugin,0.0
4,-0.46147489638520583,0.4701748963852058,-0.2307109559395097,0.23941095593950973,1.0,1.0,0.0015499999999999958,m_u,IV,plugin,0.0
0,-0.7051440501688356,0.4032305002993546,-0.4801387986983821,0.24689675683767112,1.0,1.0,0.005917774086378719,m_y=1,IV,plugin,0.0
1,-0.6557479942124532,0.38449811771927356,-0.41632522535182287,0.2239839674128088,1.0,1.0,-0.002121913580246921,m_y=0,IV,plugin,0.0
2,-0.6991819323241827,0.7069609860696783,-0.23319693591807283,0.24097598966356837,1.0,1.0,0.003956855874680698,m_a=0,IV,plugin,0.0
3,-0.2346436966709021,0.23398958782821958,-0.23464369667090207,0.23398958782821952,1.0,1.0,0.004070884018925192,m_a=1,IV,plugin,0.0
4,-0.4664324266462009,0.46983242664620084,-0.2339991104388332,0.2373991104388332,1.0,1.0,0.003949999999999995,m_u,IV,plugin,0.0
0,-0.7285033332635447,0.4243225045918166,-0.4899783990358502,0.26378082179505663,1.0,1.0,0.008726737461886238,m_y=1,IV,plugin,0.0
1,-0.6832664899985721,0.3928887713926635,-0.4375405835891354,0.22730440142124447,1.0,1.0,-0.0014300695967203751,m_y=0,IV,plugin,0.0
2,-0.7146116431531693,0.7294950711357217,-0.23212486134495552,0.24700828932750776,1.0,1.0,0.004910274264740222,m_a=0,IV,plugin,0.0
3,-0.2341172963117856,0.24862595426267992,-0.2341172963117856,0.24862595426267992,1.0,1.0,0.005226389489682848,m_a=1,IV,plugin,0.0
4,-0.4770549839588317,0.4914549839588318,-0.23325441311114123,0.24765441311114128,1.0,1.0,0.004900000000000002,m_u,IV,plugin,0.0
0,-0.6335283937719015,0.34092885251352645,-0.4317314389255819,0.18823801785050975,1.0,1.0,-0.024311352253756247,m_y=1,IV,plugin,0.2
1,-0.5953922977049239,0.3150702248625133,-0.38914497859831904,0.16007190573980806,1.0,1.0,-0.038114439324116754,m_y=0,IV,plugin,0.2
2,-0.6427191514096677,0.6586890506815308,-0.23031979931194485,0.24628969858380784,1.0,1.0,0.00856965963566142,m_a=0,IV,plugin,0.2
3,-0.20390219231082035,0.2072890600822815,-0.20390219231082046,0.2072890600822815,1.0,1.0,0.005460394778094402,m_a=1,IV,plugin,0.2
4,-0.4055888993169779,0.4179888993169779,-0.2015749398342344,0.21397493983423438,1.0,1.0,0.008200000000000013,m_u,IV,plugin,0.2
0,-0.6458405368872306,0.31971225759857475,-0.4487359422862959,0.15918683691627716,1.0,1.0,-0.03985239852398527,m_y=1,IV,plugin,0.2
1,-0.6011099777019454,0.30328548750277523,-0.393782594671163,0.14093371472010618,1.0,1.0,-0.040608654303376124,m_y=0,IV,plugin,0.2
2,-0.6188744579669342,0.644305999591268,-0.21452811790207527,0.23995965952640885,1.0,1.0,0.0017541543360488632,m_a=0,IV,plugin,0.2
3,-0.20838102314974366,0.1877737684471486,-0.2083810231497437,0.18777376844714863,1.0,1.0,-0.0008553468912844142,m_a=1,IV,plugin,0.2
4,-0.39795258216364726,0.4026525821636472,-0.1932118128718059,0.19791181287180587,1.0,1.0,0.00244999999999998,m_u,IV,plugin,0.2
0,-0.652089685973486,0.3206568766962635,-0.4518946702640879,0.15997828753431592,1.0,1.0,-0.04533024821203194,m_y=1,IV,plugin,0.2
1,-0.6139442170480605,0.30237954891887764,-0.407387622398128,0.14027940930085242,1.0,1.0,-0.041078917270301156,m_y=0,IV,plugin,0.2
2,-0.6271989732104772,0.6540535557732621,-0.22179244064964979,0.24864702321243465,1.0,1.0,-0.0009432407873516402,m_a=0,IV,plugin,0.2
3,-0.20734777492387857,0.19176762740426395,-0.20734777492387851,0.191767627404264,1.0,1.0,-0.003131751474954869,m_a=1,IV,plugin,0.2
4,-0.39847606615704356,0.4060760661570434,-0.19479982419848377,0.20239982419848374,1.0,1.0,0.0,m_u,IV,plugin,0.2
0,-0.5615027044292963,0.31816933987063767,-0.3779787384566915,0.17762258911132706,1.0,1.0,-0.03624260355029585,m_y=1,IV,plugin,0.2
1,-0.5296528663113558,0.2915349758542486,-0.3427363361169825,0.1487133160799226,1.0,1.0,-0.04347000759301447,m_y=0,IV,plugin,0.2
2,-0.6175344572449672,0.6077648175454642,-0.23731118079325064,0.22754154109374752,1.0,1.0,0.005440314485662401,m_a=0,IV,plugin,0.2
3,-0.18316867154265978,0.20893740596100246,-0.18316867154265976,0.20893740596100244,1.0,1.0,0.0020720566338163215,m_a=1,IV,plugin,0.2
4,-0.3794497312407928,0.3929497312407927,-0.19045975168046692,0.20395975168046693,1.0,1.0,0.005750000000000019,m_u,IV,plugin,0.2
0,-0.6537536321718889,0.3427917624505118,-0.44574519321091655,0.18325864483814652,1.0,1.0,-0.040673657451541174,m_y=1,IV,plugin,0.2
1,-0.6163802007314453,0.32440018857448916,-0.40159197457587903,0.16286090874840167,1.0,1.0,-0.030968841746377502,m_y=0,IV,plugin,0.2
2,-0.6587880119597115,0.667276900510425,-0.23535896657103125,0.2438478551217448,1.0,1.0,-0.004177693010092187,m_a=0,IV,plugin,0.2
3,-0.20816326192897855,0.2087479975848398,-0.20816326192897855,0.2087479975848398,1.0,1.0,-0.005415385405703743,m_a=1,IV,plugin,0.2
4,-0.4166769961264179,0.423676996126418,-0.20451787293441964,0.21151787293441965,1.0,1.0,-0.0028500000000000053,m_u,IV,plugin,0.2
0,-0.647519147293657,0.33127498366484776,-0.4461973591025078,0.17269380832084086,1.0,1.0,-0.04951016538502055,m_y=1,IV,plugin,0.2
1,-0.6025083165313043,0.3140041359431664,-0.3914881443929438,0.15341387494757452,1.0,1.0,-0.037498810316931565,m_y=0,IV,plugin,0.2
2,-0.6532345332634547,0.6548579525414585,-0.23981006698853596,0.2414334862665398,1.0,1.0,-0.004385546750927283,m_a=0,IV,plugin,0.2
3,-0.20451639140972486,0.2053986072558276,-0.20451639140972483,0.20539860725582768,1.0,1.0,-0.007382443756888957,m_a=1,IV,plugin,0.2
4,-0.40928148918672697,0.41408148918672694,-0.20118428408724665,0.20598428408724662,1.0,1.0,-0.0038000000000000117,m_u,IV,plugin,0.2
0,-0.6706320427090643,0.33127758556676123,-0.46593036207005223,0.1696297772508687,1.0,1.0,-0.047759309909530846,m_y=1,IV,plugin,0.2
1,-0.6294700854650396,0.3110378024046049,-0.41828209759456864,0.14776041501318887,1.0,1.0,-0.04821802935010482,m_y=0,IV,plugin,0.2
2,-0.6612885018443752,0.6728810949963424,-0.243867315907613,0.2554599090595803,1.0,1.0,0.0017206426326940027,m_a=0,IV,plugin,0.2
3,-0.2081252967622623,0.2071267717199839,-0.20812529676226235,0.2071267717199839,1.0,1.0,-0.0010229753259156649,m_a=1,IV,plugin,0.2
4,-0.41199129081203134,0.4206912908120314,-0.20238324229388627,0.21108324229388625,1.0,1.0,0.002599999999999991,m_u,IV,plugin,0.2
0,-0.6070347710533636,0.34274741923225255,-0.4042046971590194,0.19220845366181663,1.0,1.0,-0.025184867645482823,m_y=1,IV,plugin,0.2
1,-0.5745978568046592,0.3033252367828488,-0.37384284103292564,0.15022738582959505,1.0,1.0,-0.034773643265535635,m_y=0,IV,plugin,0.2
2,-0.6178396880615453,0.6430781966876751,-0.21660294024831955,0.24184144887444942,1.0,1.0,0.005995503956082948,m_a=0,IV,plugin,0.2
3,-0.19078082562745782,0.20708937218631807,-0.19078082562745785,0.20708937218631807,1.0,1.0,0.0037260361098640504,m_a=1,IV,plugin,0.2
4,-0.3877368083910035,0.4113368083910035,-0.18910455638606616,0.2127045563860661,1.0,1.0,0.006799999999999973,m_u,IV,plugin,0.2
0,-0.6417643486231814,0.3362403214803918,-0.44302385472567796,0.18507981939883517,1.0,1.0,-0.026187446988973705,m_y=1,IV,plugin,0.2
1,-0.6052280335439668,0.30291607986803554,-0.405690662512609,0.14962641662701587,1.0,1.0,-0.03832323996971992,m_y=0,IV,plugin,0.2
2,-0.6166365839970132,0.6535089752376518,-0.21866924100672755,0.25554163224736637,1.0,1.0,0.007367691814361144,m_a=0,IV,plugin,0.2
3,-0.20585265185204005,0.2035397720287068,-0.20585265185204005,0.2035397720287068,1.0,1.0,0.004924050700648219,m_a=1,IV,plugin,0.2
4,-0.39413129629952326,0.4133312962995232,-0.19693847784783677,0.21613847784783674,1.0,1.0,0.007900000000000004,m_u,IV,plugin,0.2
0,-0.606002863208462,0.30087740778175226,-0.4151984408195303,0.14413587177326634,1.0,1.0,-0.05046452702702704,m_y=1,IV,plugin,0.2
1,-0.5659086756153077,0.2908388393302874,-0.3655082828801427,0.13291598264319987,1.0,1.0,-0.029540273556230994,m_y=0,IV,plugin,0.2
2,-0.5864134363060346,0.6109769313187476,-0.2025776383404252,0.22714113335313812,1.0,1.0,-0.009507849402798252,m_a=0,IV,plugin,0.2
3,-0.19833722435553475,0.1718314389147099,-0.1983372243555348,0.1718314389147099,1.0,1.0,-0.011249648295591108,m_a=1,IV,plugin,0.2
4,-0.3769418653085436,0.37714186530854366,-0.18391084251163864,0.18411084251163862,1.0,1.0,-0.00835000000000001,m_u,IV,plugin,0.2
0,-0.6053134439004003,0.2469230417472022,-0.43425792370826616,0.09402568151614923,1.0,1.0,-0.07921412895809382,m_y=1,IV,plugin,0.4
1,-0.561007940513705,0.2383283636792708,-0.3818699506516167,0.08582083679993255,1.0,1.0,-0.08206308120026845,m_y=0,IV,plugin,0.4
2,-0.5829838077582077,0.5973733361427784,-0.23409702018085138,0.24848654856542224,1.0,1.0,0.004651998778085753,m_a=0,IV,plugin,0.4
3,-0.18543736627213944,0.16436193784737219,-0.1854373662721394,0.16436193784737227,1.0,1.0,-0.0009260029365606992,m_a=1,IV,plugin,0.4
4,-0.3490422702093731,0.34964227020937316,-0.1743023226512542,0.17490232265125422,1.0,1.0,0.0049000000000000155,m_u,IV,plugin,0.4
0,-0.615835613716788,0.27089977257216574,-0.43639577502944993,0.11873051586778345,1.0,1.0,-0.07201926096514184,m_y=1,IV,plugin,0.4
1,-0.5705633453078212,0.26476172605111586,-0.3817927971329185,0.11252903565843375,1.0,1.0,-0.05637982195845699,m_y=0,IV,plugin,0.4
2,-0.5972522213542839,0.6103647440648348,-0.23494299299439617,0.2480555157049471,1.0,1.0,-0.0059809789171534344,m_a=0,IV,plugin,0.4
3,-0.19318500765112337,0.17060541030128784,-0.19318500765112329,0.1706054103012879,1.0,1.0,-0.009115278626000756,m_a=1,IV,plugin,0.4
4,-0.3644096730669398,0.3617096730669398,-0.18566441525558913,0.18296441525558915,1.0,1.0,-0.004949999999999996,m_u,IV,plugin,0.4
0,-0.5690131661315981,0.2527812552808398,-0.4013880610079661,0.10623713066306195,1.0,1.0,-0.07224374411056432,m_y=1,IV,plugin,0.4
1,-0.5342772166084524,0.23744211503691104,-0.36177843366883217,0.09074890601448986,1.0,1.0,-0.06593932433725713,m_y=0,IV,plugin,0.4
2,-0.5665690991512689,0.5861000541234415,-0.2195738606822688,0.2391048156544414,1.0,1.0,-0.0003477219945796639,m_a=0,IV,plugin,0.4
3,-0.1805347804089516,0.16495063643378458,-0.1805347804089516,0.16495063643378463,1.0,1.0,-0.005241628233056073,m_a=1,IV,plugin,0.4
4,-0.3427383648877539,0.34973836488775395,-0.16969183946326366,0.17669183946326364,1.0,1.0,-4.999999999999449e-05,m_u,IV,plugin,0.4
0,-0.5744691112178006,0.24695502175312312,-0.4075476363972568,0.09821357888129818,1.0,1.0,-0.0780755433635788,m_y=1,IV,plugin,0.4
1,-0.5394384619171001,0.22889053791003483,-0.36829753525414705,0.08017205429740257,1.0,1.0,-0.08097319901159478,m_y=0,IV,plugin,0.4
2,-0.5664068576232817,0.5818764181220051,-0.22378131074762225,0.23925087124634548,1.0,1.0,0.004329970084750112,m_a=0,IV,plugin,0.4
3,-0.17696972572108144,0.1688014717982221,-0.17696972572108138,0.16880147179822216,1.0,1.0,-0.0007611193799925142,m_a=1,IV,plugin,0.4
4,-0.3392769817731048,0.34907698177310487,-0.1656343546165205,0.17543435461652054,1.0,1.0,0.005600000000000022,m_u,IV,plugin,0.4
0,-0.5646562366394182,0.2615825256353105,-0.3919895125754361,0.11213482005119653,1.0,1.0,-0.06955886953801228,m_y=1,IV,plugin,0.4
1,-0.5281629436038675,0.25085971258558626,-0.348389996496841,0.10098371077019355,1.0,1.0,-0.07040630102775912,m_y=0,IV,plugin,0.4
2,-0.5891584956490016,0.5836904444290435,-0.23158317045671611,0.22611511923675823,1.0,1.0,0.0033461543882828404,m_a=0,IV,plugin,0.4
3,-0.17618866773723654,0.17375166095749828,-0.17618866773723663,0.17375166095749822,1.0,1.0,-0.0018528763950159677,m_a=1,IV,plugin,0.4
4,-0.3526379851796754,0.3549379851796755,-0.1724379000490232,0.1747379000490233,1.0,1.0,0.003300000000000025,m_u,IV,plugin,0.4
0,-0.5930592081677541,0.25279679232793306,-0.4217453376552552,0.10231484389290055,1.0,1.0,-0.08992541233322826,m_y=1,IV,plugin,0.4
1,-0.5543373658667873,0.24189935961884065,-0.3765615698230408,0.09152611481977031,1.0,1.0,-0.07422955824825873,m_y=0,IV,plugin,0.4
2,-0.6024318812342626,0.6011819240327306,-0.24810879284629267,0.2468588356447608,1.0,1.0,-0.005378194419539684,m_a=0,IV,plugin,0.4
3,-0.18097705424925245,0.17479110321079303,-0.18097705424925242,0.17479110321079303,1.0,1.0,-0.009588023240720944,m_a=1,IV,plugin,0.4
4,-0.3535459841912757,0.35654598419127564,-0.1764730207693877,0.1794730207693877,1.0,1.0,-0.0039000000000000007,m_u,IV,plugin,0.4
0,-0.5805948130122139,0.2553446933804676,-0.40959065330500355,0.10642070433758088,1.0,1.0,-0.07095018836333196,m_y=1,IV,plugin,0.4
1,-0.5413412877770651,0.24102531545445602,-0.36463369675463897,0.09212098658735804,1.0,1.0,-0.07018383761011104,m_y=0,IV,plugin,0.4
2,-0.5758645549428166,0.5925779114949395,-0.2251086212192365,0.24182197777135928,1.0,1.0,0.002801315070718957,m_a=0,IV,plugin,0.4
3,-0.18091916255986473,0.16535006777415073,-0.1809191625598648,0.16535006777415073,1.0,1.0,-0.002716016163324564,m_a=1,IV,plugin,0.4
4,-0.3457980002427818,0.3511980002427818,-0.17155999016559334,0.17695999016559333,1.0,1.0,0.0027499999999999747,m_u,IV,plugin,0.4
0,-0.5601461485217291,0.2528411792090785,-0.38805725985188305,0.10414298247368044,1.0,1.0,-0.08542872172540769,m_y=1,IV,plugin,0.4
1,-0.5356570552542601,0.23416207596844346,-0.3627234861710852,0.08551539713971174,1.0,1.0,-0.07565507384468796,m_y=0,IV,plugin,0.4
2,-0.5901926770548362,0.5902624429751249,-0.2388108310427572,0.2388805969630461,1.0,1.0,-0.0031353348279911097,m_a=0,IV,plugin,0.4
3,-0.16769996772664217,0.17593882922443665,-0.16769996772664214,0.1759388292244367,1.0,1.0,-0.006125860331289146,m_a=1,IV,plugin,0.4
4,-0.34170606280459537,0.3533060628045954,-0.16620839981386254,0.17780839981386254,1.0,1.0,-0.000899999999999998,m_u,IV,plugin,0.4
0,-0.6150570070997579,0.28176167879805447,-0.433383102897882,0.12833549485905074,1.0,1.0,-0.06788622184625144,m_y=1,IV,plugin,0.4
1,-0.5709255186589155,0.2613389998325871,-0.3834588606753525,0.10740562236914379,1.0,1.0,-0.06316987574694112,m_y=0,IV,plugin,0.4
2,-0.6051762553465292,0.6219371482901831,-0.2338790357732809,0.25063992871693486,1.0,1.0,0.0004767530589919744,m_a=0,IV,plugin,0.4
3,-0.18950312589500706,0.180852408023844,-0.18950312589500698,0.18085240802384403,1.0,1.0,-0.004500844126076986,m_a=1,IV,plugin,0.4
4,-0.36622515255469895,0.375425152554699,-0.18105922915352002,0.19025922915352006,1.0,1.0,0.0012000000000000205,m_u,IV,plugin,0.4
0,-0.5586904640484034,0.24773938290915348,-0.3949253770742266,0.10564398291548327,1.0,1.0,-0.07338777219430485,m_y=1,IV,plugin,0.4
1,-0.5281390852975373,0.23269010523719835,-0.3608332156497017,0.09054222818161667,1.0,1.0,-0.06651990811638592,m_y=0,IV,plugin,0.4
2,-0.5533751741676652,0.5720439163043048,-0.21931117188294352,0.237979914019583,1.0,1.0,-0.0011832076363447186,m_a=0,IV,plugin,0.4
3,-0.17810925925693652,0.16614371534104844,-0.17810925925693644,0.16614371534104855,1.0,1.0,-0.005096641395068324,m_a=1,IV,plugin,0.4
4,-0.33547479079705467,0.3428747907970546,-0.16897729205834927,0.1763772920583493,1.0,1.0,-0.0002999999999999947,m_u,IV,plugin,0.4
0,-0.4730500928604795,0.18473432578055307,-0.3358158264250119,0.05751695088624444,1.0,1.0,-0.10809952355743782,m_y=1,IV,plugin,0.6
1,-0.4477229795581656,0.16757897970612762,-0.3100568058267824,0.041513462799223404,1.0,1.0,-0.09616295594504974,m_y=0,IV,plugin,0.6
2,-0.5100109048203321,0.4943467505752075,-0.22793209724822847,0.21226794300310386,1.0,1.0,-0.002406378991768987,m_a=0,IV,plugin,0.6
3,-0.13602118030423288,0.14828392376948232,-0.1360211803042329,0.14828392376948227,1.0,1.0,-0.008154942990466041,m_a=1,IV,plugin,0.6
4,-0.2773555362315693,0.28905553623156927,-0.13803681317170724,0.14973681317170726,1.0,1.0,-0.0003000000000000086,m_u,IV,plugin,0.6
0,-0.5441788517460615,0.17870039995942158,-0.39829438275082063,0.03525771977389388,1.0,1.0,-0.12658361486486483,m_y=1,IV,plugin,0.6
1,-0.5113178349673844,0.16866152906592102,-0.36180616838373536,0.02670386887110132,1.0,1.0,-0.11388677811550149,m_y=0,IV,plugin,0.6
2,-0.5423339932632507,0.5400405568102047,-0.24015385993783642,0.23786042348479047,1.0,1.0,-0.0033653889812117477,m_a=0,IV,plugin,0.6
3,-0.1549399446693497,0.14793126567168105,-0.15493994466934974,0.147931265671681,1.0,1.0,-0.008303150907952472,m_a=1,IV,plugin,0.6
4,-0.29952038509405293,0.305520385094053,-0.14611864041140646,0.15211864041140646,1.0,1.0,0.0,m_u,IV,plugin,0.6
0,-0.53715706909857,0.16334423406633572,-0.39572107231966613,0.0216356774715921,1.0,1.0,-0.11445470582131367,m_y=1,IV,plugin,0.6
1,-0.4935864903516701,0.16993317903009272,-0.34338658189634497,0.02978991320628286,1.0,1.0,-0.10257647399401718,m_y=0,IV,plugin,0.6
2,-0.5078072646193847,0.5197565663202885,-0.2158213557566563,0.22777065745755998,1.0,1.0,-0.0020012007204321947,m_a=0,IV,plugin,0.6
3,-0.16143469278456957,0.122394689670379,-0.16143469278456957,0.1223946896703791,1.0,1.0,-0.008454490237175538,m_a=1,IV,plugin,0.6
4,-0.2928551987009162,0.2829551987009162,-0.14694984004221082,0.13704984004221082,1.0,1.0,-0.001999999999999988,m_u,IV,plugin,0.6
0,-0.48375949012620245,0.17063257655587855,-0.3525987237287783,0.04517923717670932,1.0,1.0,-0.11489141675284383,m_y=1,IV,plugin,0.6
1,-0.4499067825376069,0.17709557849777943,-0.3115221633828137,0.05228742236291541,1.0,1.0,-0.09380445304937078,m_y=0,IV,plugin,0.6
2,-0.5287785767276636,0.48980967535458086,-0.24620052269961726,0.20723162132653467,1.0,1.0,-0.007932973334075666,m_a=0,IV,plugin,0.6
3,-0.14944814616631125,0.14269257514584596,-0.14944814616631122,0.142692575145846,1.0,1.0,-0.012119758943662406,m_a=1,IV,plugin,0.6
4,-0.2925619823401643,0.2822619823401644,-0.15282713462329547,0.1425271346232955,1.0,1.0,-0.007099999999999981,m_u,IV,plugin,0.6
0,-0.4928534994485679,0.17178968319059676,-0.35464049593294933,0.037545640324765366,1.0,1.0,-0.12363713348152854,m_y=1,IV,plugin,0.6
1,-0.4573169360610856,0.1678322758980853,-0.3139455092543549,0.03490440721045643,1.0,1.0,-0.10281436558324648,m_y=0,IV,plugin,0.6
2,-0.5272036244327752,0.49756003996679626,-0.23770747746828808,0.20806389300230924,1.0,1.0,-0.00741817444916304,m_a=0,IV,plugin,0.6
3,-0.14070337530648397,0.14145041393317748,-0.140703375306484,0.14145041393317742,1.0,1.0,-0.012284137917457194,m_a=1,IV,plugin,0.6
4,-0.2860852474028891,0.2855852474028891,-0.1409318793148952,0.1404318793148952,1.0,1.0,-0.004150000000000001,m_u,IV,plugin,0.6
0,-0.5392173000042753,0.17162859119059842,-0.39568927877364607,0.03051971133511116,1.0,1.0,-0.12087450073575783,m_y=1,IV,plugin,0.6
1,-0.501199726183265,0.17070689151083082,-0.3515797888978449,0.031119285832371328,1.0,1.0,-0.09593744039671943,m_y=0,IV,plugin,0.6
2,-0.5143127878546047,0.5299635637612999,-0.21952232781605002,0.2351731037227453,1.0,1.0,-0.010317385290092296,m_a=0,IV,plugin,0.6
3,-0.1604844242058941,0.12986518246743967,-0.1604844242058941,0.12986518246743967,1.0,1.0,-0.013771059709273281,m_a=1,IV,plugin,0.6
4,-0.2940118177772185,0.29111181777721856,-0.14716195010901256,0.14426195010901255,1.0,1.0,-0.007199999999999998,m_u,IV,plugin,0.6
0,-0.4877441357361719,0.17941673555353768,-0.3479608419557746,0.04524308599330443,1.0,1.0,-0.12163605296881677,m_y=1,IV,plugin,0.6
1,-0.45542247650082307,0.16901509698300213,-0.31213464480741465,0.03608615944435675,1.0,1.0,-0.09336216622790522,m_y=0,IV,plugin,0.6
2,-0.5206969697712426,0.5016989090801596,-0.22806925823508334,0.20907119754400044,1.0,1.0,-0.011518726961890269,m_a=0,IV,plugin,0.6
3,-0.14032666192239143,0.14216273939931362,-0.14032666192239135,0.14216273939931365,1.0,1.0,-0.015755947704373163,m_a=1,IV,plugin,0.6
4,-0.28486514633057153,0.2902651463305715,-0.1383610825499934,0.1437610825499934,1.0,1.0,-0.007300000000000001,m_u,IV,plugin,0.6
0,-0.5117282477280224,0.1649647445420427,-0.3770132245455368,0.03427053644981962,1.0,1.0,-0.11614401858304295,m_y=1,IV,plugin,0.6
1,-0.47481705419857223,0.15903493287325626,-0.3360349816258331,0.03001095268252486,1.0,1.0,-0.09810998195460159,m_y=0,IV,plugin,0.6
2,-0.4957172868378409,0.5078418147763639,-0.21909049144413145,0.23121501938265432,1.0,1.0,-0.006085146061185265,m_a=0,IV,plugin,0.6
3,-0.15289565117406062,0.129964695740072,-0.1528956511740606,0.129964695740072,1.0,1.0,-0.010694238911733267,m_a=1,IV,plugin,0.6
4,-0.27904624466426864,0.28054624466426864,-0.14307034338849073,0.14457034338849067,1.0,1.0,-0.003349999999999992,m_u,IV,plugin,0.6
0,-0.5213488114816549,0.16071465882822755,-0.38805817940086024,0.029542096503714366,1.0,1.0,-0.11293203067549111,m_y=1,IV,plugin,0.6
1,-0.4795105806769893,0.16226035757682233,-0.3394980316621038,0.03262748945150574,1.0,1.0,-0.0823394714244824,m_y=0,IV,plugin,0.6
2,-0.46983082150198446,0.5045021770940948,-0.19684915486314564,0.23152051045525623,1.0,1.0,-0.012931235102521088,m_a=0,IV,plugin,0.6
3,-0.16462621423606844,0.11688933071093302,-0.16462621423606838,0.11688933071093303,1.0,1.0,-0.01665815185801256,m_a=1,IV,plugin,0.6
4,-0.28006431665589293,0.274564316655893,-0.14567544216959263,0.14017544216959263,1.0,1.0,-0.010599999999999998,m_u,IV,plugin,0.6
0,-0.5070678407275693,0.14911063124564714,-0.37220745050923526,0.013576236730164535,1.0,1.0,-0.11310143720058322,m_y=1,IV,plugin,0.6
1,-0.4694466960955883,0.15165346861134457,-0.32867066685000834,0.017781604795595443,1.0,1.0,-0.09376803231390654,m_y=0,IV,plugin,0.6
2,-0.4533886859595431,0.4873498414268719,-0.1838666080924601,0.21782776355978878,1.0,1.0,-0.0064287059950682846,m_a=0,IV,plugin,0.6
3,-0.1531486739416449,0.10941088275065632,-0.15314867394164494,0.10941088275065622,1.0,1.0,-0.01175832436841534,m_a=1,IV,plugin,0.6
4,-0.26868663976698715,0.2633866397669873,-0.13408731408016594,0.12878731408016597,1.0,1.0,-0.0055499999999999855,m_u,IV,plugin,0.6
0,-0.4206146276734219,0.023216208611208787,-0.33544261369431555,-0.06491632387108229,1.0,1.0,-0.16760475297060665,m_y=1,IV,plugin,0.8
1,-0.3783124061617714,0.04554309449629568,-0.2868744185032739,-0.04501577575807766,1.0,1.0,-0.12992504324428217,m_y=0,IV,plugin,0.8
2,-0.34943859554371837,0.3523482699973849,-0.16830665638918468,0.17121633084285112,1.0,1.0,-0.0166650222174336,m_a=0,IV,plugin,0.8
3,-0.12190419555151426,0.06656730147881865,-0.12190419555151422,0.0665673014788187,1.0,1.0,-0.020051315456340313,m_a=1,IV,plugin,0.8
4,-0.19483043337459355,0.17473043337459349,-0.10373918117377849,0.08363918117377848,1.0,1.0,-0.012800000000000006,m_u,IV,plugin,0.8
0,-0.48151143891603054,0.11006475062859393,-0.36120018052615477,-0.013450354012540749,1.0,1.0,-0.13934002275783594,m_y=1,IV,plugin,0.8
1,-0.4510340919926981,0.10976912056795016,-0.32737840774884225,-0.012225449269048918,1.0,1.0,-0.13935933417207008,m_y=0,IV,plugin,0.8
2,-0.471175012800727,0.46275145918570304,-0.22209046095420484,0.21366690733918098,1.0,1.0,0.005879601739769091,m_a=0,IV,plugin,0.8
3,-0.1303941701791907,0.1151108911578703,-0.1303941701791907,0.11511089115787028,1.0,1.0,-0.003313970208185024,m_a=1,IV,plugin,0.8
4,-0.24759641736252083,0.24699641736252076,-0.12294205339092878,0.12234205339092881,1.0,1.0,0.004650000000000001,m_u,IV,plugin,0.8
0,-0.4601305031983787,0.06565135630420701,-0.3540206506753657,-0.04213578296899091,1.0,1.0,-0.15951502372166582,m_y=1,IV,plugin,0.8
1,-0.4396009520609418,0.055754567203303386,-0.3341905834633248,-0.04860375709883793,1.0,1.0,-0.1378031383737518,m_y=0,IV,plugin,0.8
2,-0.37840079858055475,0.42840816579804664,-0.16929808321682535,0.21930545043431732,1.0,1.0,-0.008697538961797702,m_a=0,IV,plugin,0.8
3,-0.11997108566448747,0.09063312463812415,-0.11997108566448741,0.09063312463812415,1.0,1.0,-0.011967798663454599,m_a=1,IV,plugin,0.8
4,-0.20425466402912168,0.21545466402912156,-0.09987058851954789,0.11107058851954787,1.0,1.0,-0.0032000000000000084,m_u,IV,plugin,0.8
0,-0.4413803683042533,0.0676880658209232,-0.339566547504679,-0.03631905640972873,1.0,1.0,-0.16228251864125934,m_y=1,IV,plugin,0.8
1,-0.4071552040692269,0.08105318852653198,-0.3002020871836391,-0.024179292691320547,1.0,1.0,-0.1316705336426914,m_y=0,IV,plugin,0.8
2,-0.4198905594911439,0.3981832990673114,-0.20831507655444859,0.18660781613061608,1.0,1.0,-0.012817795268756704,m_a=0,IV,plugin,0.8
3,-0.11922516913306454,0.09652766002777177,-0.11922516913306455,0.09652766002777177,1.0,1.0,-0.01660733144751214,m_a=1,IV,plugin,0.8
4,-0.22021937773154598,0.207119377731546,-0.1146961056168692,0.1015961056168692,1.0,1.0,-0.010250000000000009,m_u,IV,plugin,0.8
0,-0.4417911006111385,0.07246078925600175,-0.34057087803974556,-0.03254919800705032,1.0,1.0,-0.1564618644067797,m_y=1,IV,plugin,0.8
1,-0.41056994181473583,0.06682772810299709,-0.3074608163638629,-0.035474559591475066,1.0,1.0,-0.14147727272727273,m_y=0,IV,plugin,0.8
2,-0.40693686097017867,0.40653882041642697,-0.19515624157809836,0.19475820102434657,1.0,1.0,-0.0009498680226985856,m_a=0,IV,plugin,0.8
3,-0.11835053186942412,0.09948556373471977,-0.1183505318694241,0.09948556373471981,1.0,1.0,-0.01120484099686403,m_a=1,IV,plugin,0.8
4,-0.2112250523789458,0.2183250523789458,-0.10416994927624919,0.11126994927624918,1.0,1.0,0.0008499999999999897,m_u,IV,plugin,0.8
0,-0.4762848127586924,0.07269918465759048,-0.36575220208604753,-0.040411513869338625,1.0,1.0,-0.14453905182382004,m_y=1,IV,plugin,0.8
1,-0.4445729125289648,0.06812408262349863,-0.3326807788187403,-0.04214782136233685,1.0,1.0,-0.13445217888814723,m_y=0,IV,plugin,0.8
2,-0.37903352095283793,0.44015998903047826,-0.16061266110431482,0.2217391291819551,1.0,1.0,-8.878075818075093e-05,m_a=0,IV,plugin,0.8
3,-0.1304369782463724,0.08340723696635968,-0.1304369782463724,0.0834072369663597,1.0,1.0,-0.007793238201457331,m_a=1,IV,plugin,0.8
4,-0.21327796088599182,0.21897796088599178,-0.10428595182157878,0.10998595182157875,1.0,1.0,0.0017499999999999877,m_u,IV,plugin,0.8
0,-0.47795728574250357,0.06549163653291486,-0.3687855957786659,-0.04611905112739202,1.0,1.0,-0.16219924018573237,m_y=1,IV,plugin,0.8
1,-0.45006542460646404,0.06123765612322467,-0.3398115926424338,-0.04782333012336392,1.0,1.0,-0.13255416191562142,m_y=0,IV,plugin,0.8
2,-0.3814123850434358,0.4394858202042834,-0.16548878166333159,0.22356221682417923,1.0,1.0,-0.01256431614424991,m_a=0,IV,plugin,0.8
3,-0.1283094369752793,0.08492896067460406,-0.12830943697527927,0.08492896067460406,1.0,1.0,-0.016024446763196032,m_a=1,IV,plugin,0.8
4,-0.21173449128244312,0.21743449128244302,-0.10349198890799682,0.10919198890799682,1.0,1.0,-0.007100000000000009,m_u,IV,plugin,0.8
0,-0.42221027657031884,0.08421105330316378,-0.31951746694309885,-0.02090267059113764,1.0,1.0,-0.14502458930626763,m_y=1,IV,plugin,0.8
1,-0.3892125927675044,0.08876433293698746,-0.2828736180754674,-0.015725720460914843,1.0,1.0,-0.1313798716843819,m_y=0,IV,plugin,0.8
2,-0.42373182969949336,0.39229919045889317,-0.20883106115480565,0.17739842191420546,1.0,1.0,-0.0021122994334430434,m_a=0,IV,plugin,0.8
3,-0.1134882744864076,0.10363106665439141,-0.11348827448640753,0.10363106665439151,1.0,1.0,-0.009398227799083503,m_a=1,IV,plugin,0.8
4,-0.21846615591738267,0.2135661559173827,-0.11160674875853668,0.10670674875853674,1.0,1.0,-0.0006999999999999784,m_u,IV,plugin,0.8
0,-0.45951414751559183,0.10406143306513549,-0.3472345420707509,-0.010995028718537187,1.0,1.0,-0.15042194092827005,m_y=1,IV,plugin,0.8
1,-0.428366460362141,0.10057935716824021,-0.3136522172600197,-0.012193074634105152,1.0,1.0,-0.12937262357414447,m_y=0,IV,plugin,0.8
2,-0.4531294332662096,0.43709704079680617,-0.22109257342587396,0.20506018095647063,1.0,1.0,-0.006690189136483116,m_a=0,IV,plugin,0.8
3,-0.12405941747471971,0.11632301825835997,-0.12405941747471975,0.11632301825835993,1.0,1.0,-0.012595900310541475,m_a=1,IV,plugin,0.8
4,-0.23497425254451998,0.23747425254451987,-0.11936188712907272,0.12186188712907273,1.0,1.0,-0.003250000000000003,m_u,IV,plugin,0.8
0,-0.4720236360157523,0.05968087231484516,-0.3672968290280794,-0.04834668104693975,1.0,1.0,-0.15456874466268145,m_y=1,IV,plugin,0.8
1,-0.43819548236234207,0.051349671838893406,-0.33273048503444086,-0.05292687580034914,1.0,1.0,-0.14014296463506398,m_y=0,IV,plugin,0.8
2,-0.3741225687598537,0.436135099860073,-0.1620771335509154,0.2240896646511347,1.0,1.0,-0.0018823227973128187,m_a=0,IV,plugin,0.8
3,-0.12865181765861805,0.07938341823091724,-0.12865181765861808,0.07938341823091724,1.0,1.0,-0.010016706175759227,m_a=1,IV,plugin,0.8
4,-0.20458231515059797,0.21548231515059807,-0.09898368841654671,0.10988368841654675,1.0,1.0,0.0021000000000000185,m_u,IV,plugin,0.8
0,-0.3581652919985442,0.0031531832502948555,-0.2847876538713571,-0.07137887560790938,1.0,1.0,-0.18910932883073023,m_y=1,IV,plugin,1.0
1,-0.33098724132659935,0.00952409601842603,-0.25606868341636047,-0.0645333001783649,1.0,1.0,-0.15735461801596354,m_y=0,IV,plugin,1.0
2,-0.34883693489239065,0.28323516358210565,-0.19412304808059208,0.12852127677030706,1.0,1.0,-0.012278677898509671,m_a=0,IV,plugin,1.0
3,-0.07608881940224571,0.0793805799566225,-0.07608881940224566,0.07938057995662258,1.0,1.0,-0.01748219222184505,m_a=1,IV,plugin,1.0
4,-0.1562936829692105,0.15389368296921044,-0.07935446705770306,0.0769544670577031,1.0,1.0,-0.006799999999999973,m_u,IV,plugin,1.0
0,-0.4562806793094909,0.01682161625249521,-0.36106491917079414,-0.08014023547197555,1.0,1.0,-0.17216761510605277,m_y=1,IV,plugin,1.0
1,-0.4267778466323807,0.01976814040803394,-0.32997383555201765,-0.07595813356542427,1.0,1.0,-0.16090953072085143,m_y=0,IV,plugin,1.0
2,-0.3467911545390385,0.4015598660581416,-0.15715014754140666,0.21191885906050975,1.0,1.0,0.001656518944816332,m_a=0,IV,plugin,1.0
3,-0.11490682214170636,0.06679228901768473,-0.11490682214170636,0.06679228901768476,1.0,1.0,-0.009218333503882792,m_a=1,IV,plugin,1.0
4,-0.18520933751912994,0.1861093375191299,-0.09064484937976076,0.09154484937976072,1.0,1.0,-5.000000000002225e-05,m_u,IV,plugin,1.0
0,-0.32807082563555456,-0.011327862291214252,-0.25943636360228467,-0.08082649886214868,1.0,1.0,-0.18794656725691208,m_y=1,IV,plugin,1.0
1,-0.29358137653053284,0.010309857771283681,-0.22141702750510767,-0.06093880697977007,1.0,1.0,-0.15450062844435852,m_y=0,IV,plugin,1.0
2,-0.3406748317765933,0.23439738909551794,-0.1934938428951183,0.08721640021404306,1.0,1.0,-0.012210046798359853,m_a=0,IV,plugin,1.0
3,-0.06284188827315755,0.06918754343874485,-0.06284188827315762,0.06918754343874475,1.0,1.0,-0.01879560189278484,m_a=1,IV,plugin,1.0
4,-0.14905672531374597,0.13005672531374607,-0.07593721003742926,0.056937210037429284,1.0,1.0,-0.010849999999999985,m_u,IV,plugin,1.0
0,-0.40890100000160706,-0.0011232073883323812,-0.32665580669178446,-0.0851570015156523,1.0,1.0,-0.18332464825429912,m_y=1,IV,plugin,1.0
1,-0.37467942552839545,0.011879991571707937,-0.28921536544562043,-0.07269262531975355,1.0,1.0,-0.15559827006246998,m_y=0,IV,plugin,1.0
2,-0.33436345859829064,0.33647940123812636,-0.16483258595898556,0.1669485285988214,1.0,1.0,-0.009124665742905713,m_a=0,IV,plugin,1.0
3,-0.10035454256339475,0.06381922480597281,-0.10035454256339475,0.06381922480597281,1.0,1.0,-0.016234103330780125,m_a=1,IV,plugin,1.0
4,-0.17126169493855875,0.16246169493855867,-0.08619957959178741,0.07739957959178738,1.0,1.0,-0.007000000000000006,m_u,IV,plugin,1.0
0,-0.3722775826329129,0.02100444155889336,-0.28963560794656035,-0.06301581523814787,1.0,1.0,-0.1732449215872014,m_y=1,IV,plugin,1.0
1,-0.3515222181030818,0.01858413657386304,-0.2685762197620997,-0.06366567623538151,1.0,1.0,-0.15858653205067147,m_y=0,IV,plugin,1.0
2,-0.3526122518463162,0.318105672602915,-0.1813072415255235,0.14680066228212235,1.0,1.0,-0.002159591814437256,m_a=0,IV,plugin,1.0
3,-0.08088952202489672,0.08250171479764237,-0.08088952202489677,0.08250171479764232,1.0,1.0,-0.009918631926422339,m_a=1,IV,plugin,1.0
4,-0.16420326752443973,0.17050326752443973,-0.07843941410733489,0.08473941410733486,1.0,1.0,0.0009499999999999786,m_u,IV,plugin,1.0
0,-0.4327605410436287,0.020890502821123237,-0.3431844192092105,-0.0706850811755519,1.0,1.0,-0.18904197372636977,m_y=1,IV,plugin,1.0
1,-0.40695384062013096,0.012115912530811101,-0.31800949668887435,-0.07602877928266963,1.0,1.0,-0.17157093165366172,m_y=0,IV,plugin,1.0
2,-0.3737128354190319,0.37884554383701285,-0.19138847093115635,0.19652117934913732,1.0,1.0,-0.003378702491590002,m_a=0,IV,plugin,1.0
3,-0.09931444958197963,0.08560096009902177,-0.09931444958197969,0.08560096009902171,1.0,1.0,-0.011261132251967343,m_a=1,IV,plugin,1.0
4,-0.17656535275535046,0.19066535275535054,-0.08508410287355894,0.09918410287355894,1.0,1.0,0.0027499999999999886,m_u,IV,plugin,1.0
0,-0.44654757775764925,0.002427994577080628,-0.35829212552238954,-0.08751954969107537,1.0,1.0,-0.1844076379364912,m_y=1,IV,plugin,1.0
1,-0.4128724131671885,0.005310423567652034,-0.32330624221611515,-0.08304033309382111,1.0,1.0,-0.16091626271266996,m_y=0,IV,plugin,1.0
2,-0.332669977347852,0.38421824226924794,-0.15616622150666415,0.20771448642806017,1.0,1.0,-0.006567159308633386,m_a=0,IV,plugin,1.0
3,-0.1109710357618405,0.06293001499738778,-0.1109710357618405,0.06293001499738778,1.0,1.0,-0.01410066701573065,m_a=1,IV,plugin,1.0
4,-0.17394264315615068,0.1764426431561507,-0.08635265431996124,0.08885265431996124,1.0,1.0,-0.0027499999999999886,m_u,IV,plugin,1.0
0,-0.4249998274541612,0.04217232165622509,-0.331977342526137,-0.05254256560799906,1.0,1.0,-0.16823318196219247,m_y=1,IV,plugin,1.0
1,-0.4011536317702623,0.03657118394902026,-0.30797199486032056,-0.05558234971820476,1.0,1.0,-0.14547526350773907,m_y=0,IV,plugin,1.0
2,-0.36459969591269237,0.3836698564862833,-0.17595363121171828,0.19502379178530915,1.0,1.0,-0.007590726678999515,m_a=0,IV,plugin,1.0
3,-0.10743454878538353,0.08522236485254524,-0.10743454878538353,0.0852223648525452,1.0,1.0,-0.013231120892119752,m_a=1,IV,plugin,1.0
4,-0.18651372225870916,0.19481372225870913,-0.09276606040556008,0.10106606040556006,1.0,1.0,-0.003050000000000011,m_u,IV,plugin,1.0
0,-0.41135048074478303,0.00966169356383988,-0.3284749872945076,-0.07479972722859038,1.0,1.0,-0.19635863237006457,m_y=1,IV,plugin,1.0
1,-0.38176481954944996,0.015770826739540868,-0.29690681212934295,-0.06814639561244237,1.0,1.0,-0.16166019141476357,m_y=0,IV,plugin,1.0
2,-0.3706912990013867,0.34305891518822657,-0.19886808208348863,0.17123569827032856,1.0,1.0,-0.016713356111197397,m_a=0,IV,plugin,1.0
3,-0.09524992989151096,0.08187364673384845,-0.095249929891511,0.08187364673384845,1.0,1.0,-0.017572892854509248,m_a=1,IV,plugin,1.0
4,-0.1756733967716287,0.17327339677162873,-0.08976178831267971,0.08736178831267971,1.0,1.0,-0.007450000000000012,m_u,IV,plugin,1.0
0,-0.4166145491082208,0.012067334848746381,-0.3330438326512227,-0.07324438399803464,1.0,1.0,-0.184799747713655,m_y=1,IV,plugin,1.0
1,-0.379973279079053,0.023631786207801885,-0.29318762954479577,-0.06184684137935276,1.0,1.0,-0.16057976542385813,m_y=0,IV,plugin,1.0
2,-0.3685189707982456,0.3463029429240712,-0.1950492526261582,0.17283322475198387,1.0,1.0,-0.008302599812214595,m_a=0,IV,plugin,1.0
3,-0.10163727111764435,0.07766830951426756,-0.10163727111764435,0.07766830951426754,1.0,1.0,-0.0138672856404074,m_a=1,IV,plugin,1.0
4,-0.18044961292004227,0.17234961292004222,-0.09407036675625136,0.08597036675625136,1.0,1.0,-0.003699999999999995,m_u,IV,plugin,1.0
0,-0.4056733867279827,-0.030876066596453654,-0.33312191242830097,-0.10451469043319979,1.0,1.0,-0.21684851028115823,m_y=1,IV,plugin,1.2
1,-0.37773976130893866,-0.02021143704159791,-0.30322465274278343,-0.09406223930198289,1.0,1.0,-0.18370271303018726,m_y=0,IV,plugin,1.2
2,-0.35301589987532717,0.31499510594947555,-0.2016275550846552,0.1636067611588037,1.0,1.0,-0.017839680717154582,m_a=0,IV,plugin,1.2
3,-0.08612869373757848,0.07124856256386405,-0.0861286937375785,0.07124856256386401,1.0,1.0,-0.01595363553855672,m_a=1,IV,plugin,1.2
4,-0.15744268225004995,0.15134268225005,-0.08199830062361865,0.07589830062361866,1.0,1.0,-0.007199999999999998,m_u,IV,plugin,1.2
0,-0.3563833897268805,-0.04704411305554228,-0.2946650492566712,-0.10967520821184362,1.0,1.0,-0.23270969098171118,m_y=1,IV,plugin,1.2
1,-0.3234492709202661,-0.025643435217933108,-0.2586488740770042,-0.08989544425431521,1.0,1.0,-0.17051306503909974,m_y=0,IV,plugin,1.2
2,-0.3420964046079594,0.23623257948507606,-0.20889961437078122,0.10303578924789789,1.0,1.0,-0.03596045450717833,m_a=0,IV,plugin,1.2
3,-0.06687324347878154,0.06656395807464582,-0.06687324347878154,0.06656395807464581,1.0,1.0,-0.02890381484961918,m_a=1,IV,plugin,1.2
4,-0.1422670920598292,0.12436709205982928,-0.07572197565733504,0.057821975657335024,1.0,1.0,-0.021300000000000013,m_u,IV,plugin,1.2
0,-0.4090625020346536,-0.047599190892279354,-0.33654218504348876,-0.12157498408284369,1.0,1.0,-0.2246765541180183,m_y=1,IV,plugin,1.2
1,-0.3782436538374051,-0.03537406212498848,-0.3035881168165331,-0.109609739118767,1.0,1.0,-0.18631468598113027,m_y=0,IV,plugin,1.2
2,-0.32946146102957646,0.310629735321331,-0.17864684221537988,0.15981511650713426,1.0,1.0,-0.01813487297137728,m_a=0,IV,plugin,1.2
3,-0.0850548471188556,0.05844929765110888,-0.08505484711885557,0.058449297651108914,1.0,1.0,-0.019692786506774085,m_a=1,IV,plugin,1.2
4,-0.14999885835191945,0.14439885835191943,-0.07377715000322442,0.06817715000322443,1.0,1.0,-0.009049999999999989,m_u,IV,plugin,1.2
0,-0.43931778239251973,-0.06514196819325443,-0.370553187207172,-0.13549877022695278,1.0,1.0,-0.231246712256707,m_y=1,IV,plugin,1.2
1,-0.401430457849761,-0.050461140186024524,-0.33028517352964953,-0.12103333383553234,1.0,1.0,-0.1939018580276322,m_y=0,IV,plugin,1.2
2,-0.3091868220286762,0.33239259919735564,-0.1680236989160183,0.1912294760846977,1.0,1.0,-0.015225666002594451,m_a=0,IV,plugin,1.2
3,-0.09957976126696837,0.05136757829282396,-0.09957976126696834,0.05136757829282398,1.0,1.0,-0.020123560275588204,m_a=1,IV,plugin,1.2
4,-0.14917147578948253,0.14287147578948248,-0.07810290145841489,0.07180290145841486,1.0,1.0,-0.008150000000000018,m_u,IV,plugin,1.2
0,-0.38116753691229543,-0.10137869914933098,-0.3264439148119151,-0.15707549935200754,1.0,1.0,-0.2261693926450672,m_y=1,IV,plugin,1.2
1,-0.3415647811567452,-0.07530848060164033,-0.2839003621073328,-0.13259389877110575,1.0,1.0,-0.1861359484664936,m_y=0,IV,plugin,1.2
2,-0.24004131109033322,0.24817795499628073,-0.12641494005983522,0.13455158396578273,1.0,1.0,-0.016773903747266672,m_a=0,IV,plugin,1.2
3,-0.08203375645974009,0.02753298511932193,-0.0820337564597401,0.027532985119321916,1.0,1.0,-0.021441657378696466,m_a=1,IV,plugin,1.2
4,-0.12040995308196975,0.10280995308196972,-0.0632218005423201,0.0456218005423201,1.0,1.0,-0.011749999999999997,m_u,IV,plugin,1.2
0,-0.38849717686093405,-0.03685534262800087,-0.3191043804777024,-0.10744119900649493,1.0,1.0,-0.2205697528278173,m_y=1,IV,plugin,1.2
1,-0.35241280175950285,-0.02096370035527484,-0.2804109629732173,-0.09210441575536872,1.0,1.0,-0.18704554152315347,m_y=0,IV,plugin,1.2
2,-0.35938235105191907,0.2831661359923903,-0.21253284643090767,0.13631663137137898,1.0,1.0,-0.010935400976047671,m_a=0,IV,plugin,1.2
3,-0.07728270825901858,0.06922316654070251,-0.07728270825901853,0.06922316654070257,1.0,1.0,-0.01913163155555414,m_a=1,IV,plugin,1.2
4,-0.15167732889905383,0.14167732889905388,-0.07840676856840026,0.06840676856840025,1.0,1.0,-0.007550000000000001,m_u,IV,plugin,1.2
0,-0.40813700644939593,-0.06521849698161894,-0.3411018726290556,-0.1334393929126651,1.0,1.0,-0.201909109773812,m_y=1,IV,plugin,1.2
1,-0.3752156607239445,-0.05005017406699075,-0.30597322176039504,-0.11878524088909778,1.0,1.0,-0.18056359776105,m_y=0,IV,plugin,1.2
2,-0.26301482299158147,0.3099295555260823,-0.12655791099360045,0.1734726435281015,1.0,1.0,-0.005149371545191572,m_a=0,IV,plugin,1.2
3,-0.09585737377690105,0.03695992777573394,-0.09585737377690104,0.03695992777573394,1.0,1.0,-0.013100984772717261,m_a=1,IV,plugin,1.2
4,-0.13853455904799622,0.1307345590479962,-0.0704016228874043,0.06260162288740434,1.0,1.0,-0.0037499999999999756,m_u,IV,plugin,1.2
0,-0.3478173364617552,-0.0376358065779663,-0.2833628502232502,-0.10285239999591862,1.0,1.0,-0.21028428093645485,m_y=1,IV,plugin,1.2
1,-0.31180346832858724,-0.017180625398109318,-0.24450984608377588,-0.08357426636397695,1.0,1.0,-0.17963957055214727,m_y=0,IV,plugin,1.2
2,-0.35251287317409513,0.23579969566868336,-0.21347012359155437,0.09675694608614259,1.0,1.0,-0.011006195712593148,m_a=0,IV,plugin,1.2
3,-0.06282743274162356,0.06544656720190842,-0.0628274327416235,0.06544656720190847,1.0,1.0,-0.01690202855861017,m_a=1,IV,plugin,1.2
4,-0.1414679172660687,0.12566791726606868,-0.07311450157129165,0.057314501571291664,1.0,1.0,-0.0068999999999999895,m_u,IV,plugin,1.2
0,-0.41069705513973764,-0.06143950474778224,-0.34130532293705446,-0.13202980813766388,1.0,1.0,-0.2283324621014114,m_y=1,IV,plugin,1.2
1,-0.36790162211852206,-0.03701169173427985,-0.294773453381881,-0.10921390777547231,1.0,1.0,-0.18591279348346912,m_y=0,IV,plugin,1.2
2,-0.32376600635842756,0.29908014192301524,-0.17962129985742473,0.15493543542201238,1.0,1.0,-0.01773936189164327,m_a=0,IV,plugin,1.2
3,-0.0867218151243703,0.04928908324405843,-0.08672181512437034,0.04928908324405839,1.0,1.0,-0.022552066727724418,m_a=1,IV,plugin,1.2
4,-0.1488180418649567,0.1313180418649568,-0.07691866226225649,0.05941866226225647,1.0,1.0,-0.012200000000000003,m_u,IV,plugin,1.2
0,-0.3662867267009916,-0.06560718520829097,-0.3102820011696116,-0.12290337404821816,1.0,1.0,-0.23077719134844257,m_y=1,IV,plugin,1.2
1,-0.3300844488643171,-0.041915274797155136,-0.2707977878486351,-0.10095921037232587,1.0,1.0,-0.1913514559349908,m_y=0,IV,plugin,1.2
2,-0.32831919955071603,0.22743706623215382,-0.2058844428169185,0.1050023094983564,1.0,1.0,-0.015778594387220013,m_a=0,IV,plugin,1.2
3,-0.073045022380782,0.06259989243401134,-0.07304502238078206,0.06259989243401132,1.0,1.0,-0.02158443386799358,m_a=1,IV,plugin,1.2
4,-0.13853481501755147,0.11933481501755154,-0.07634408033461906,0.057144080334619075,1.0,1.0,-0.0126,m_u,IV,plugin,1.2
0,-0.3503997064960437,-0.14552180025393,-0.31113335445150564,-0.18518144464505543,1.0,1.0,-0.22010416666666663,m_y=1,IV,plugin,1.4
1,-0.32378136349262465,-0.13129258150260212,-0.2840162345198064,-0.17088710376372934,1.0,1.0,-0.20278846153846156,m_y=0,IV,plugin,1.4
2,-0.1422020057154041,0.2067341165033488,-0.06411154140407967,0.1286436521920243,1.0,1.0,-0.001141582140630315,m_a=0,IV,plugin,1.4
3,-0.06779272060476843,0.011427362051576606,-0.06779272060476838,0.011427362051576673,1.0,1.0,-0.011748167275219157,m_a=1,IV,plugin,1.4
4,-0.07930357905631727,0.07800357905631719,-0.04014121120418799,0.03884121120418802,1.0,1.0,-0.00019999999999997797,m_u,IV,plugin,1.4
0,-0.40329772651008683,-0.13006083417517897,-0.3536260347437672,-0.18034643607639497,1.0,1.0,-0.2458758011978565,m_y=1,IV,plugin,1.4
1,-0.36483986662302215,-0.10916953908439068,-0.31363374253665743,-0.15987443052820235,1.0,1.0,-0.20776495278069254,m_y=0,IV,plugin,1.4
2,-0.21867591570625508,0.26511277235464165,-0.1186031779860374,0.16504003463442393,1.0,1.0,-0.015629729862058572,m_a=0,IV,plugin,1.4
3,-0.08226996460086573,0.024845238488427856,-0.08226996460086572,0.02484523848842788,1.0,1.0,-0.02014554089408499,m_a=1,IV,plugin,1.4
4,-0.10802249238950039,0.09922249238950036,-0.05839141811715844,0.04959141811715841,1.0,1.0,-0.00810000000000001,m_u,IV,plugin,1.4
0,-0.36893521282394964,-0.12630047009605233,-0.32109998696369474,-0.17476469022797086,1.0,1.0,-0.23812436289500508,m_y=1,IV,plugin,1.4
1,-0.3320319209146259,-0.09924685274418628,-0.2817024270650605,-0.1492952049970145,1.0,1.0,-0.22374877330716386,m_y=0,IV,plugin,1.4
2,-0.25237544636767617,0.20602308550729692,-0.1521991315303573,0.10584677066997797,1.0,1.0,0.004474664654573635,m_a=0,IV,plugin,1.4
3,-0.0631443716219867,0.033160533427717756,-0.06314437162198673,0.03316053342771773,1.0,1.0,-0.011729284561699693,m_a=1,IV,plugin,1.4
4,-0.1079103541334285,0.08861035413342858,-0.05731129750909873,0.03801129750909875,1.0,1.0,-0.002799999999999997,m_u,IV,plugin,1.4
0,-0.3980642823101913,-0.14466553350472247,-0.35073234560296107,-0.1928096420314161,1.0,1.0,-0.2562009094667218,m_y=1,IV,plugin,1.4
1,-0.35649532923321664,-0.11464468341540308,-0.30636876557098935,-0.16452767659372697,1.0,1.0,-0.21629213483146068,m_y=0,IV,plugin,1.4
2,-0.22629050189416494,0.23553713909005794,-0.12821363540961023,0.13746027260550303,1.0,1.0,-0.014805396048623298,m_a=0,IV,plugin,1.4
3,-0.07801163480691387,0.021781460006669105,-0.07801163480691384,0.021781460006669154,1.0,1.0,-0.02209911801294806,m_a=1,IV,plugin,1.4
4,-0.10912202312518478,0.08872202312518472,-0.05934310954094894,0.038943109540948914,1.0,1.0,-0.012300000000000005,m_u,IV,plugin,1.4
0,-0.3983487704176604,-0.1189500624206588,-0.34525963045714003,-0.17280179446165256,1.0,1.0,-0.24654832347140038,m_y=1,IV,plugin,1.4
1,-0.3638914994740158,-0.09840153175110741,-0.30883597742607627,-0.1531154345522429,1.0,1.0,-0.2201215395003376,m_y=0,IV,plugin,1.4
2,-0.2658550444692478,0.2553290848361853,-0.1557528068411877,0.14522684720812534,1.0,1.0,-0.008446097870078884,m_a=0,IV,plugin,1.4
3,-0.07479753507070055,0.03577015037319289,-0.07479753507070053,0.03577015037319291,1.0,1.0,-0.014967702196990618,m_a=1,IV,plugin,1.4
4,-0.11603437972620696,0.10463437972620689,-0.060845633115141864,0.04944563311514184,1.0,1.0,-0.004650000000000001,m_u,IV,plugin,1.4
0,-0.37215130913288785,-0.13842875207662603,-0.3287936149820908,-0.1822650340083832,1.0,1.0,-0.23125526537489471,m_y=1,IV,plugin,1.4
1,-0.34002605825643073,-0.12266141534486256,-0.29603699389710475,-0.16633122006465867,1.0,1.0,-0.206016755521706,m_y=0,IV,plugin,1.4
2,-0.1745198936426339,0.2309359053504428,-0.08780588183473373,0.1442218935425426,1.0,1.0,-0.006637422165002627,m_a=0,IV,plugin,1.4
3,-0.07348365090070777,0.017698090069019002,-0.07348365090070774,0.017698090069019047,1.0,1.0,-0.014819636343636144,m_a=1,IV,plugin,1.4
4,-0.08981083280338287,0.08811083280338275,-0.04670529753367562,0.04500529753367558,1.0,1.0,-0.001600000000000018,m_u,IV,plugin,1.4
0,-0.3061887793244739,-0.13128192231087848,-0.2714768054237783,-0.1661914396355127,1.0,1.0,-0.23177512355848434,m_y=1,IV,plugin,1.4
1,-0.28102111128211404,-0.11275432902848914,-0.245318384125241,-0.14828224221040004,1.0,1.0,-0.20830093312597203,m_y=0,IV,plugin,1.4
2,-0.2037884686374992,0.13083234041084002,-0.13118741935324651,0.058231291126587315,1.0,1.0,-0.007691223073680031,m_a=0,IV,plugin,1.4
3,-0.03948041939749861,0.03352095024937479,-0.039480419397498676,0.0335209502493747,1.0,1.0,-0.013229952709670367,m_a=1,IV,plugin,1.4
4,-0.07855219025045145,0.06705219025045149,-0.04242953817907154,0.030929538179071524,1.0,1.0,-0.005400000000000016,m_u,IV,plugin,1.4
0,-0.3887809229705903,-0.12039700291939212,-0.33754772284523343,-0.17240840741254262,1.0,1.0,-0.24659400544959134,m_y=1,IV,plugin,1.4
1,-0.3544219789420016,-0.10098475396178677,-0.3015046450666447,-0.15360065557470595,1.0,1.0,-0.20558424172882,m_y=0,IV,plugin,1.4
2,-0.24219004999007598,0.24762506871055961,-0.1360115042552675,0.14144652297575125,1.0,1.0,-0.017721005574367066,m_a=0,IV,plugin,1.4
3,-0.07580071592265934,0.02947987042221122,-0.07580071592265934,0.02947987042221123,1.0,1.0,-0.021526816729788234,m_a=1,IV,plugin,1.4
4,-0.11018023950938197,0.10128023950938196,-0.057011332732676646,0.04811133273267662,1.0,1.0,-0.010150000000000006,m_u,IV,plugin,1.4
0,-0.43694812878693445,-0.1472684677834194,-0.38435670187848797,-0.2007587185347385,1.0,1.0,-0.2520123839009288,m_y=1,IV,plugin,1.4
1,-0.39243944144081544,-0.11598899858299509,-0.3365717003416996,-0.17144303697972604,1.0,1.0,-0.2125121241513094,m_y=0,IV,plugin,1.4
2,-0.21079673491490025,0.2934688803884753,-0.10463510048880705,0.18730724596238219,1.0,1.0,-0.015674572679714505,m_a=0,IV,plugin,1.4
3,-0.0963777218471797,0.013211011880494738,-0.09637772184717971,0.013211011880494705,1.0,1.0,-0.02131933733901986,m_a=1,IV,plugin,1.4
4,-0.11851627361869968,0.09721627361869968,-0.06515943615614525,0.043859436156145265,1.0,1.0,-0.012549999999999992,m_u,IV,plugin,1.4
0,-0.3689533833499933,-0.10140944624386143,-0.3174238838261386,-0.1536318618187171,1.0,1.0,-0.23847030780391748,m_y=1,IV,plugin,1.4
1,-0.3327860973265123,-0.07596618078462598,-0.2785634975371584,-0.12978945318639493,1.0,1.0,-0.2021060767075645,m_y=0,IV,plugin,1.4
2,-0.28044345574847396,0.22148171770450054,-0.1712177411892443,0.11225600314527082,1.0,1.0,-0.016900115427214313,m_a=0,IV,plugin,1.4
3,-0.06854979387945648,0.04205640621305222,-0.06854979387945644,0.04205640621305228,1.0,1.0,-0.018638453832045543,m_a=1,IV,plugin,1.4
4,-0.11956657854435923,0.10026657854435912,-0.065002872836296,0.045702872836295996,1.0,1.0,-0.010449999999999987,m_u,IV,plugin,1.4
0,-0.2793466560359057,-0.15180513881448715,-0.2527955752935764,-0.17844286420985006,1.0,0.0,-0.2638368705784436,m_y=1,IV,plugin,1.6
1,-0.2568421739018497,-0.13493430925247168,-0.22982916436076514,-0.16183528972668473,1.0,1.0,-0.22102425876010784,m_y=0,IV,plugin,1.6
2,-0.21386499131863493,0.053773699463300385,-0.15769705351019178,-0.0023942383451426717,1.0,1.0,-0.018588581326925202,m_a=0,IV,plugin,1.6
3,-0.012659947034623854,0.039547156650692215,-0.012659947034623897,0.039547156650692174,0.0,0.0,-0.022263749638723185,m_a=1,IV,plugin,1.6
4,-0.057928806911808704,0.05042880691180871,-0.029968407470765734,0.02246840747076573,1.0,1.0,-0.011999999999999997,m_u,IV,plugin,1.6
0,-0.3719263653533468,-0.1444163104314709,-0.32861514824700083,-0.1882046215915923,1.0,1.0,-0.27874242268570837,m_y=1,IV,plugin,1.6
1,-0.33178042926444995,-0.1099201117050042,-0.28533640885788614,-0.15607359976189436,1.0,1.0,-0.22499269504236877,m_y=0,IV,plugin,1.6
2,-0.299309234352122,0.17749854925866954,-0.20487965313502424,0.08306896804157178,1.0,1.0,-0.030774388073823267,m_a=0,IV,plugin,1.6
3,-0.05763247392331881,0.03618603369543,-0.05763247392331876,0.03618603369543,1.0,1.0,-0.025492762904682997,m_a=1,IV,plugin,1.6
4,-0.10942239451920774,0.07882239451920772,-0.06246256377994498,0.03186256377994503,1.0,1.0,-0.020149999999999987,m_u,IV,plugin,1.6
0,-0.3855806937881606,-0.17662226415448523,-0.34608252057184946,-0.21645434226424615,1.0,1.0,-0.2683150183150183,m_y=1,IV,plugin,1.6
1,-0.3470409833499907,-0.1439505110033093,-0.3050622617867479,-0.18567152890472188,1.0,1.0,-0.23702320094376722,m_y=0,IV,plugin,1.6
2,-0.21491861737043666,0.2009551654389997,-0.1325906642944527,0.11862721236301574,1.0,1.0,-0.01100383536110544,m_a=0,IV,plugin,1.6
3,-0.06443926850484072,0.016445269059273647,-0.06443926850484069,0.016445269059273647,1.0,1.0,-0.017063652246805783,m_a=1,IV,plugin,1.6
4,-0.09470198724428915,0.06850198724428913,-0.05378087816787132,0.027580878167871314,1.0,1.0,-0.011300000000000004,m_u,IV,plugin,1.6
0,-0.3418268139225403,-0.1308853136150089,-0.3004097861697055,-0.17267436907644795,1.0,1.0,-0.2707482993197279,m_y=1,IV,plugin,1.6
1,-0.3047778250532864,-0.10157608285350819,-0.2610746167742629,-0.14496949468684267,1.0,1.0,-0.20488271900430827,m_y=0,IV,plugin,1.6
2,-0.27766339921822436,0.15368151502060012,-0.18796815829110952,0.0639862740934852,1.0,1.0,-0.040350155490695816,m_a=0,IV,plugin,1.6
3,-0.04924914604033949,0.037582474998182756,-0.04924914604033956,0.037582474998182715,1.0,1.0,-0.030090129453328507,m_a=1,IV,plugin,1.6
4,-0.09984811061641459,0.07664811061641456,-0.05548035969181723,0.03228035969181722,1.0,1.0,-0.022350000000000002,m_u,IV,plugin,1.6
0,-0.39333300960143835,-0.15812758114994901,-0.3505270801599963,-0.2015494875984282,1.0,1.0,-0.2704773739256498,m_y=1,IV,plugin,1.6
1,-0.3420993683196626,-0.11553199838860355,-0.29550634580403734,-0.161727115267126,1.0,1.0,-0.2112539882045828,m_y=0,IV,plugin,1.6
2,-0.2383350617452847,0.21180180400499832,-0.14731066520428737,0.1207774074640009,1.0,1.0,-0.032231370267985116,m_a=0,IV,plugin,1.6
3,-0.07770677089364628,0.016520861194021474,-0.07770677089364626,0.0165208611940215,1.0,1.0,-0.028577654318572676,m_a=1,IV,plugin,1.6
4,-0.11028306143253527,0.0749830614325352,-0.06497111683442673,0.029671116834426747,1.0,1.0,-0.021350000000000008,m_u,IV,plugin,1.6
0,-0.3810179033307928,-0.16159342543622587,-0.3396606186118396,-0.20345452627633337,1.0,1.0,-0.28112860355755465,m_y=1,IV,plugin,1.6
1,-0.3423477648350689,-0.12594073008729392,-0.29772257400134317,-0.17041441872606122,1.0,1.0,-0.22714816989626155,m_y=0,IV,plugin,1.6
2,-0.25768741497802555,0.18594401713526487,-0.1689421023984774,0.09719870455571675,1.0,1.0,-0.03406665104768586,m_a=0,IV,plugin,1.6
3,-0.06214232654771103,0.027594505581759042,-0.062142326547711055,0.02759450558175901,1.0,1.0,-0.02472884613957349,m_a=1,IV,plugin,1.6
4,-0.10583611475675951,0.07263611475675945,-0.061019731904087694,0.027819731904087687,1.0,1.0,-0.021450000000000004,m_u,IV,plugin,1.6
0,-0.3656655283883145,-0.15851170034484346,-0.32677640433489896,-0.1977823936819425,1.0,1.0,-0.26027113732795204,m_y=1,IV,plugin,1.6
1,-0.3348037756789891,-0.1352225850805189,-0.2943237509173068,-0.17554763642752053,1.0,1.0,-0.2227919125471607,m_y=0,IV,plugin,1.6
2,-0.20898831977603213,0.18985072394821376,-0.12781641338852764,0.10867881756070925,1.0,1.0,-0.02025391154760625,m_a=0,IV,plugin,1.6
3,-0.06087656109064116,0.022694669674439415,-0.06087656109064116,0.022694669674439432,1.0,1.0,-0.018185200366092225,m_a=1,IV,plugin,1.6
4,-0.09012108871141704,0.07462108871141704,-0.04951890113638729,0.034018901136387274,1.0,1.0,-0.010600000000000012,m_u,IV,plugin,1.6
0,-0.3804008707332066,-0.17358596067548515,-0.3413245469137873,-0.2132066255576625,1.0,1.0,-0.26780656666317004,m_y=1,IV,plugin,1.6
1,-0.3327100931307216,-0.13738534439132066,-0.2911923102108399,-0.17864297736669665,1.0,1.0,-0.2137193083022834,m_y=0,IV,plugin,1.6
2,-0.19276253351424746,0.19731118073532042,-0.11080881828013082,0.11535746550120382,1.0,1.0,-0.025471156576345577,m_a=0,IV,plugin,1.6
3,-0.07232497206977401,0.006129983687344109,-0.07232497206977406,0.006129983687344074,1.0,1.0,-0.027509828838506445,m_a=1,IV,plugin,1.6
4,-0.09170363574372199,0.06870363574372197,-0.05074316886971049,0.027743168869710472,1.0,1.0,-0.01580000000000001,m_u,IV,plugin,1.6
0,-0.35753799170169615,-0.13731224347710022,-0.31482878126374453,-0.1804923971188624,1.0,1.0,-0.27357016355870406,m_y=1,IV,plugin,1.6
1,-0.3262755252468388,-0.11613807830979381,-0.28207293324715205,-0.16013830432332032,1.0,1.0,-0.22661282568983757,m_y=0,IV,plugin,1.6
2,-0.2846252228034224,0.1709495187596324,-0.19271042713271416,0.0790347230889242,1.0,1.0,-0.0221343757797981,m_a=0,IV,plugin,1.6
3,-0.04970432379104565,0.040431006863472604,-0.04970432379104564,0.0404310068634726,1.0,1.0,-0.023859009191529945,m_a=1,IV,plugin,1.6
4,-0.0971740844568543,0.08487408445685438,-0.051267239759119086,0.03896723975911911,1.0,1.0,-0.01344999999999999,m_u,IV,plugin,1.6
0,-0.3729512007674919,-0.16911096158055022,-0.33405191390110534,-0.20831940152913603,1.0,1.0,-0.25574446161772285,m_y=1,IV,plugin,1.6
1,-0.34602833112651493,-0.15172508497765808,-0.30631221177461765,-0.1912797217656002,1.0,1.0,-0.23933948518698397,m_y=0,IV,plugin,1.6
2,-0.1918641347394975,0.20323767361751047,-0.11223510216294785,0.12360864104096081,1.0,1.0,-0.0007550083411047015,m_a=0,IV,plugin,1.6
3,-0.05928114065935863,0.019303496958331133,-0.0592811406593586,0.01930349695833116,1.0,1.0,-0.010644864740558257,m_a=1,IV,plugin,1.6
4,-0.08235479852694991,0.0758547985269499,-0.042695558852199375,0.03619555885219937,1.0,1.0,-0.000900000000000005,m_u,IV,plugin,1.6
0,-0.35023710981997286,-0.19395518385863114,-0.32123884553142157,-0.22316548615559562,1.0,1.0,-0.2911223125192881,m_y=1,IV,plugin,1.8
1,-0.31076894580658043,-0.15966906625077631,-0.27997239840933946,-0.19031628925436977,1.0,1.0,-0.24370074910010694,m_y=0,IV,plugin,1.8
2,-0.2228051149331817,0.11197865067140271,-0.16065644739743049,0.0498299831356515,1.0,1.0,-0.024099891073840696,m_a=0,IV,plugin,1.8
3,-0.043601879765256236,0.020554867778258178,-0.04360187976525628,0.02055486777825811,1.0,1.0,-0.02351744282290935,m_a=1,IV,plugin,1.8
4,-0.07670592046764521,0.04960592046764517,-0.045731024567826815,0.018631024567826802,1.0,1.0,-0.016250000000000007,m_u,IV,plugin,1.8
0,-0.3330861943883639,-0.19798393451702326,-0.3064978622388379,-0.22475198202409588,1.0,1.0,-0.2774722423990868,m_y=1,IV,plugin,1.8
1,-0.29653165580457264,-0.1675683444518763,-0.26874634589345553,-0.19525157178218527,1.0,1.0,-0.2414358776416096,m_y=0,IV,plugin,1.8
2,-0.18057722333670903,0.09991722411663581,-0.12438229434560086,0.04372229512552771,1.0,1.0,-0.014407939650763535,m_a=0,IV,plugin,1.8
3,-0.039047041248553606,0.013290781084227099,-0.03904704124855361,0.013290781084227116,1.0,1.0,-0.019161001907848252,m_a=1,IV,plugin,1.8
4,-0.0636692684919382,0.04486926849193813,-0.03552965779964076,0.016729657799640786,1.0,1.0,-0.008599999999999997,m_u,IV,plugin,1.8
0,-0.36780807018274925,-0.22434597934302286,-0.341449123731498,-0.25092741389607987,1.0,1.0,-0.28333680049927185,m_y=1,IV,plugin,1.8
1,-0.3232495861651663,-0.18787498025394062,-0.29551387919187455,-0.21548310403959242,1.0,1.0,-0.23820527633352592,m_y=0,IV,plugin,1.8
2,-0.1302304834102892,0.15103274987042098,-0.07585444997987725,0.09665671644000903,1.0,1.0,-0.01643620180922989,m_a=0,IV,plugin,1.8
3,-0.059594144944661344,-0.00538170278069422,-0.059594144944661254,-0.00538170278069414,1.0,1.0,-0.0244189945489085,m_a=1,IV,plugin,1.8
4,-0.06464410692417635,0.04394410692417637,-0.03749959103571472,0.01679959103571473,1.0,1.0,-0.012499999999999997,m_u,IV,plugin,1.8
0,-0.33921866431153724,-0.1950212212082813,-0.3116537204214068,-0.22274168833880478,1.0,1.0,-0.26748885894911395,m_y=1,IV,plugin,1.8
1,-0.30626981468231057,-0.16976165329341666,-0.27789042489230864,-0.19800580918571128,1.0,1.0,-0.2356294077866873,m_y=0,IV,plugin,1.8
2,-0.15939953207428142,0.13044058305593711,-0.10221203772672996,0.07325308870838561,1.0,1.0,-0.007979058487763535,m_a=0,IV,plugin,1.8
3,-0.045851878575412175,0.009839710595486939,-0.045851878575412224,0.00983971059548692,1.0,1.0,-0.018247340836641868,m_a=1,IV,plugin,1.8
4,-0.062379893170835886,0.05047989317083591,-0.03415500533560185,0.02225500533560188,1.0,1.0,-0.007099999999999988,m_u,IV,plugin,1.8
0,-0.3215667071216261,-0.19608436324286282,-0.2977763515743904,-0.22000124465469223,1.0,0.4,-0.2976387738193869,m_y=1,IV,plugin,1.8
1,-0.2845514212939354,-0.16435988868089707,-0.2595931522658801,-0.18920585568735238,1.0,1.0,-0.24961330239752516,m_y=0,IV,plugin,1.8
2,-0.2292131516399014,0.050673254906826656,-0.1780435946191627,-0.0004963021139121695,1.0,1.0,-0.02223454272484998,m_a=0,IV,plugin,1.8
3,-0.02474632791276047,0.027599244334555628,-0.024746327912760387,0.027599244334555746,0.4,0.4,-0.024463784755747897,m_a=1,IV,plugin,1.8
4,-0.06290862304773137,0.04060862304773137,-0.03736989713868065,0.01506989713868066,1.0,1.0,-0.014600000000000002,m_u,IV,plugin,1.8
0,-0.3553594718329275,-0.21941601016952736,-0.3295830193004955,-0.24536441793709493,1.0,1.0,-0.2858609713522949,m_y=1,IV,plugin,1.8
1,-0.3109835913027638,-0.18036877641187493,-0.2835159075583503,-0.20770668530913525,1.0,1.0,-0.24178929928856835,m_y=0,IV,plugin,1.8
2,-0.15935915172638565,0.12171718291291185,-0.10514152906741583,0.06749956025394195,1.0,1.0,-0.01638390437199383,m_a=0,IV,plugin,1.8
3,-0.05074846850516148,0.0009930221884564717,-0.050748468505161425,0.0009930221884565103,1.0,1.0,-0.023616939987925856,m_a=1,IV,plugin,1.8
4,-0.06722150924740652,0.038721509247406506,-0.04028890519156321,0.011788905191563242,1.0,1.0,-0.015149999999999997,m_u,IV,plugin,1.8
0,-0.3690783299512888,-0.17728386204222832,-0.3326273931401748,-0.2140386315194147,1.0,1.0,-0.29414854501523274,m_y=1,IV,plugin,1.8
1,-0.3343227334791942,-0.15312339685883208,-0.29674466730337473,-0.19048580697643208,1.0,1.0,-0.2421524663677131,m_y=0,IV,plugin,1.8
2,-0.24299187277059903,0.1630616136599946,-0.1663813709720136,0.08645111186140919,1.0,1.0,-0.027211656731952027,m_a=0,IV,plugin,1.8
3,-0.04841774507466775,0.026754049038980144,-0.048417745074667715,0.0267540490389802,1.0,1.0,-0.025461417411150933,m_a=1,IV,plugin,1.8
4,-0.08153719150998309,0.07023719150998307,-0.043442619490636505,0.03214261949063647,1.0,1.0,-0.013100000000000014,m_u,IV,plugin,1.8
0,-0.332445254930373,-0.18306065011512923,-0.30418673559001685,-0.21150518930349235,1.0,1.0,-0.2878485007890583,m_y=1,IV,plugin,1.8
1,-0.29895633823833634,-0.1573155721116991,-0.26973788893242856,-0.1863944729174541,1.0,1.0,-0.23515959980943307,m_y=0,IV,plugin,1.8
2,-0.21298680111954438,0.10187525578401861,-0.1530544721510935,0.04194292681556773,1.0,1.0,-0.030231063248962187,m_a=0,IV,plugin,1.8
3,-0.03655994426604396,0.02444083376280821,-0.03655994426604403,0.024440833762808183,1.0,1.0,-0.024970285610786125,m_a=1,IV,plugin,1.8
4,-0.06736933146620852,0.053569331466208646,-0.03755899103730111,0.023758991037301124,1.0,1.0,-0.013399999999999995,m_u,IV,plugin,1.8
0,-0.28901572393166053,-0.2194663301860434,-0.2749009282664251,-0.23363342754480182,0.8,0.0,-0.2873683112548242,m_y=1,IV,plugin,1.8
1,-0.26070228039156357,-0.1942624190656397,-0.24617193428088466,-0.20877118304897863,1.0,0.8,-0.243829828099491,m_y=0,IV,plugin,1.8
2,-0.13856312264152548,0.011474277065553684,-0.10852089351853586,-0.018567952057435944,1.0,0.6,-0.021334174732446476,m_a=0,IV,plugin,1.8
3,-0.01513201059623338,0.012151312287365856,-0.01513201059623332,0.012151312287365924,0.0,0.0,-0.021968523430423936,m_a=1,IV,plugin,1.8
4,-0.03492284601106822,0.022422846011068177,-0.01979207731327446,0.0072920773132745,1.0,0.8,-0.010799999999999983,m_u,IV,plugin,1.8
0,-0.351701629497547,-0.21908246993803654,-0.326388543361606,-0.24457100347621868,1.0,1.0,-0.28672640133361116,m_y=1,IV,plugin,1.8
1,-0.3049317657755951,-0.17774956038691225,-0.2778580635812834,-0.2046948839573973,1.0,1.0,-0.2266871755431648,m_y=0,IV,plugin,1.8
2,-0.14181614268607243,0.12381259879462596,-0.08883401900022656,0.07083047510878003,1.0,1.0,-0.03438252103765388,m_a=0,IV,plugin,1.8
3,-0.05376832179384979,-0.0037934821135803152,-0.053768321793849716,-0.0037934821135802424,1.0,1.0,-0.028476587158440536,m_a=1,IV,plugin,1.8
4,-0.06647111383724405,0.03647111383724404,-0.0401098581973514,0.010109858197351428,1.0,1.0,-0.01969999999999998,m_u,IV,plugin,1.8
0,-0.337337639454708,-0.3432968833667645,-0.3387529314641341,-0.34188661663374453,0.0,0.0,-0.2899802309853293,m_y=1,IV,plugin,2.0
1,-0.2999618241632661,-0.30558304938623004,-0.3014089026450596,-0.3041321938902802,0.0,0.0,-0.25430744056213306,m_y=0,IV,plugin,2.0
2,0.09846006365993291,0.08694822024057422,0.09578824986403892,0.0896200340364682,0.0,0.0,-0.009449605514897541,m_a=0,IV,plugin,2.0
3,-0.049495943726086324,-0.05080064042336435,-0.04949594372608632,-0.05080064042336435,0.0,0.0,-0.02007684605272514,m_a=1,IV,plugin,2.0
4,-0.0038176233569379935,-0.007782376643061928,-0.005142041455562687,-0.006457958544437312,0.4,0.4,-0.0072499999999999995,m_u,IV,plugin,2.0
0,-0.25881185326042494,-0.30066026103919674,-0.2646743313741378,-0.2948134752001487,0.0,0.0,-0.29943444730077123,m_y=1,IV,plugin,2.0
1,-0.2290304531965223,-0.26876418520737066,-0.23509085244055683,-0.26269562799104573,0.0,0.0,-0.26861313868613146,m_y=0,IV,plugin,2.0
2,-0.01721986418768042,-0.10666349503580612,-0.02965286396525706,-0.0942304952582295,0.0,0.0,-0.007661620378363654,m_a=0,IV,plugin,2.0
3,0.003420836791642956,-0.0175191233538333,0.003420836791642931,-0.017519123353833328,0.0,0.0,-0.01754662995632622,m_a=1,IV,plugin,2.0
4,0.008034353221434476,-0.025334353221434503,0.0018147450827017673,-0.01911474508270175,0.0,0.0,-0.007599999999999996,m_u,IV,plugin,2.0
0,-0.3299890521310283,-0.2657439701584052,-0.31976203056193603,-0.2760134885532867,1.0,0.2,-0.3202701319963164,m_y=1,IV,plugin,2.0
1,-0.2780762201399173,-0.21564957286192826,-0.26686798369503917,-0.22682330245501045,1.0,1.0,-0.25295785665395526,m_y=0,IV,plugin,2.0
2,-0.14038391962005478,0.004051026530617863,-0.11802452948789473,-0.018308363601542137,1.0,1.0,-0.03904418578967339,m_a=0,IV,plugin,2.0
3,-0.035032510225567394,-0.00617410862513873,-0.03503251022556736,-0.0061741086251387075,1.0,1.0,-0.032022278380580416,m_a=1,IV,plugin,2.0
4,-0.047985866763887663,0.0032858667638876347,-0.036898963166856084,-0.007801036833143875,1.0,1.0,-0.027149999999999987,m_u,IV,plugin,2.0
0,-0.3555566636314972,-0.2964685650858218,-0.34517962076196984,-0.30688343768345916,0.6,0.0,-0.29396462018730485,m_y=1,IV,plugin,2.0
1,-0.3128694222012639,-0.25751952523137084,-0.302061344151112,-0.26830884900814533,0.6,0.0,-0.26073147256977863,m_y=0,IV,plugin,2.0
2,-0.012860311741841112,0.10333598587402386,0.008016872791739427,0.08245880134044335,0.6,0.0,-0.008185117202143655,m_a=0,IV,plugin,2.0
3,-0.05191229441797378,-0.029998344528598474,-0.05191229441797381,-0.029998344528598498,0.0,0.0,-0.01906250794207892,m_a=1,IV,plugin,2.0
4,-0.02989437493131869,0.012894374931318797,-0.019431773902314854,0.0024317739023148946,1.0,1.0,-0.005799999999999972,m_u,IV,plugin,2.0
0,-0.39111348752303765,-0.2692184041361366,-0.3698247811610794,-0.2906338534399608,1.0,1.0,-0.3155047463509238,m_y=1,IV,plugin,2.0
1,-0.3546374338495486,-0.23579839887822693,-0.3320756667246073,-0.2583110719175642,1.0,1.0,-0.2705086739194355,m_y=0,IV,plugin,2.0
2,-0.10579564115400988,0.15254257138889868,-0.062202369593857665,0.10894929982874638,1.0,1.0,-0.024950983156628193,m_a=0,IV,plugin,2.0
3,-0.054652317787192914,-0.007510713782897804,-0.05465231778719295,-0.007510713782897879,1.0,1.0,-0.02194398531583225,m_a=1,IV,plugin,2.0
4,-0.05810413153555812,0.032604131535558155,-0.036144020987131445,0.010644020987131414,1.0,1.0,-0.016550000000000016,m_u,IV,plugin,2.0
0,-0.3124183850220672,-0.23961288021237687,-0.2993074299147886,-0.2527638483339026,0.8,0.0,-0.3090706620773436,m_y=1,IV,plugin,2.0
1,-0.2756985698354605,-0.20401518078023778,-0.2616832544537294,-0.21800311977798054,1.0,0.2,-0.2645722189290654,m_y=0,IV,plugin,2.0
2,-0.1738573175131796,-0.006111341066038012,-0.14548553731949226,-0.03448312125972527,1.0,0.0,-0.02293070906103728,m_a=0,IV,plugin,2.0
3,-0.016786290284404138,0.014839974284709335,-0.016786290284404152,0.014839974284709307,0.2,0.2,-0.022113521177331674,m_a=1,IV,plugin,2.0
4,-0.04649332703374339,0.013493327033743318,-0.0322577863215608,-0.0007422136784392353,1.0,1.0,-0.018750000000000017,m_u,IV,plugin,2.0
0,-0.3387076887157535,-0.2425052292347421,-0.320846686920817,-0.26046314863619774,1.0,1.0,-0.30797966172045244,m_y=1,IV,plugin,2.0
1,-0.29935725436212784,-0.20738746246974116,-0.2805666977351427,-0.226130635226396,1.0,1.0,-0.2578403937083856,m_y=0,IV,plugin,2.0
2,-0.1503589122532414,0.06081796802471654,-0.11237580698914895,0.022834862760624082,1.0,1.0,-0.02498360376721881,m_a=0,IV,plugin,2.0
3,-0.03485711637367339,0.0032615841271314673,-0.034857116373673364,0.0032615841271314847,1.0,1.0,-0.02511298892975833,m_a=1,IV,plugin,2.0
4,-0.04935067237054626,0.026750672370546257,-0.03029454845955106,0.007694548459551051,1.0,1.0,-0.014800000000000008,m_u,IV,plugin,2.0
0,-0.3525221200681412,-0.22875598410369252,-0.3294517903854093,-0.25196534295301654,1.0,1.0,-0.3122497176301468,m_y=1,IV,plugin,2.0
1,-0.30520430148448263,-0.18514104427345032,-0.2802857317157855,-0.20994542917904022,1.0,1.0,-0.25416626059838227,m_y=0,IV,plugin,2.0
2,-0.20937000908178324,0.07390561641388242,-0.15922999005271646,0.023765597384815717,1.0,1.0,-0.03112514267542177,m_a=0,IV,plugin,2.0
3,-0.040721396831224034,0.00827912503125633,-0.04072139683122402,0.008279125031256326,1.0,1.0,-0.028257525076293866,m_a=1,IV,plugin,2.0
4,-0.06781462993479892,0.031314629934798964,-0.04299281351445944,0.0064928135144594595,1.0,1.0,-0.02164999999999999,m_u,IV,plugin,2.0
0,-0.2783965963854245,-0.29786238672622245,-0.28148534797912783,-0.2947809425345658,0.0,0.0,-0.305003140046054,m_y=1,IV,plugin,2.0
1,-0.2500098491545219,-0.26821547231041415,-0.25314939630208433,-0.2650716431493437,0.0,0.0,-0.2631629331801647,m_y=0,IV,plugin,2.0
2,-0.011542947773199886,-0.052431380309151586,-0.0179263826714263,-0.04604794541092515,0.0,0.0,-0.01612126809540798,m_a=0,IV,plugin,2.0
3,-0.008419571021773941,-0.017241083588519546,-0.008419571021773826,-0.017241083588519415,0.0,0.0,-0.0223366680190053,m_a=1,IV,plugin,2.0
4,0.0033445499800632827,-0.011844549980063379,0.0001320863675308759,-0.008632086367530883,0.0,0.0,-0.00825,m_u,IV,plugin,2.0
0,-0.2676029202073896,-0.2495962576032061,-0.26351824131137536,-0.2536840881356996,0.0,0.0,-0.30490848585690516,m_y=1,IV,plugin,2.0
1,-0.2468587979007591,-0.2295258211002201,-0.24271181140178205,-0.23367014295842242,0.0,0.0,-0.2652157164869029,m_y=0,IV,plugin,2.0
2,-0.11669691875231676,-0.07324875576882679,-0.10799497609582506,-0.0819506984253184,0.0,0.0,-0.02269980844097841,m_a=0,IV,plugin,2.0
3,0.00669716785903165,0.012891253398298752,0.006697167859031637,0.012891253398298714,0.0,0.0,-0.018993966177690114,m_a=1,IV,plugin,2.0
4,-0.011194377705059433,0.003694377705059382,-0.00685602419366548,-0.0006439758063345264,0.4,0.4,-0.008900000000000005,m_u,IV,plugin,2.0
