Rs_down,Rs_up,Rd_down,Rd_up,Rs_coverage,Rd_coverage,R_oracle,metric,cr,lambda
0.114106853556071,0.524943082610325,0.2042555198840526,0.47088115732581526,1.0,1.0,0.37201646090534984,m_y=1,1.0,1.7
0.31228858685152544,0.6715982967336239,0.319023309612637,0.6681228017679114,0.2,0.0,0.2878179384203481,m_y=0,1.0,1.7
-0.5993452414449256,0.40057025634104615,-0.3155799105088031,0.11680492540492363,1.0,0.8,0.09283931910461385,m_a=0,1.0,1.7
-0.31837108923786406,0.0513709529859188,-0.31837108923786406,0.051370952985918795,1.0,1.0,-0.18538587848932686,m_a=1,1.0,1.7
-0.46344822476454717,0.3859762573843229,-0.2300143592544035,0.15254239187417923,1.0,1.0,0.12079510703363916,m_u,1.0,1.7
0.11326107734240634,0.5249931287132121,0.2035415311326271,0.4709109975099053,1.0,1.0,0.37201646090534984,m_y=1,0.5,1.7
0.3111881469043724,0.6713605937405902,0.31792473425088685,0.6678870323462142,0.0,0.0,0.2878179384203481,m_y=0,0.5,1.7
-0.6005887976713287,0.4030927737058548,-0.31571501667232144,0.11821899270684769,1.0,1.0,0.09283931910461385,m_a=0,0.5,1.7
-0.3190107853863938,0.05195322089588365,-0.31901078538639377,0.051953220895883764,1.0,1.0,-0.18538587848932686,m_a=1,0.5,1.7
-0.538088844007049,0.975025594962944,-0.06939742450409518,0.5063341754599902,1.0,1.0,0.35117227319062183,m_u,0.5,1.7
0.1150407074521433,0.5241434652978683,0.20463840714219259,0.4703231269340774,1.0,1.0,0.37201646090534984,m_y=1,0.3333333333333333,1.7
0.3128353136254815,0.670533923450648,0.31951853591165175,0.6670768654834811,0.2,0.0,0.2878179384203481,m_y=0,0.3333333333333333,1.7
-0.5981525220982451,0.4003530947143492,-0.3147491675323615,0.11694974014846557,1.0,0.8,0.09283931910461385,m_a=0,0.3333333333333333,1.7
-0.3178050627365079,0.051251661394529927,-0.31780506273650777,0.051251661394529954,1.0,1.0,-0.18538587848932686,m_a=1,0.3333333333333333,1.7
-0.6053224066375074,1.5571895126224473,0.09408587206178355,0.8577812339231563,1.0,1.0,0.5815494393476046,m_u,0.3333333333333333,1.7
0.11559204817873003,0.5234753361394834,0.20487613985696784,0.4697812330055525,1.0,1.0,0.37201646090534984,m_y=1,0.25,1.7
0.3135814166576812,0.6705401814384533,0.32025567116618603,0.6670833926616841,0.0,0.0,0.2878179384203481,m_y=0,0.25,1.7
-0.5944813431927274,0.39524990372726554,-0.3139467299926891,0.1147152905272274,1.0,0.8,0.09283931910461385,m_a=0,0.25,1.7
-0.3182468801991649,0.04919370025421157,-0.3182468801991648,0.0491937002542116,1.0,1.0,-0.18538587848932686,m_a=1,0.25,1.7
-0.6669956178318455,2.1296526346858813,0.2561091032789836,1.2065479135750519,1.0,1.0,0.8119266055045872,m_u,0.25,1.7
0.11870569080704921,0.5225400743445014,0.2066023170740016,0.46954486105557525,1.0,1.0,0.37201646090534984,m_y=1,0.2,1.7
0.31601392852289056,0.6695627760654292,0.3225735727812273,0.6661532720097062,0.2,0.2,0.2878179384203481,m_y=0,0.2,1.7
-0.591074497292562,0.3893782957186909,-0.31371861458643857,0.11202241301256755,1.0,0.6,0.09283931910461385,m_a=0,0.2,1.7
-0.3159309379238836,0.05042497190309068,-0.31593093792388355,0.050424971903090685,1.0,1.0,-0.18538587848932686,m_a=1,0.2,1.7
-0.7176993696315472,2.7010730247227372,0.4231069369119881,1.560266718179202,1.0,1.0,1.0423037716615697,m_u,0.2,1.7
0.11925949439056091,0.5211086898743661,0.20667932372982795,0.4685205432490879,1.0,1.0,0.37201646090534984,m_y=1,0.16666666666666666,1.7
0.31832991219821616,0.6702172789513979,0.3249034402074155,0.6668215046013519,0.2,0.0,0.2878179384203481,m_y=0,0.16666666666666666,1.7
-0.5822520760196013,0.3809494537540643,-0.3106133216761687,0.10931069941063169,1.0,0.6,0.09283931910461385,m_a=0,0.16666666666666666,1.7
-0.31988588231147597,0.04362324227580579,-0.3198858823114759,0.04362324227580582,1.0,1.0,-0.18538587848932686,m_a=1,0.16666666666666666,1.7
-0.7635570733513253,3.23431842324207,0.5771920077199297,1.893569342170815,1.0,1.0,1.2726809378185526,m_u,0.16666666666666666,1.7
0.11746091424950814,0.5222314151793357,0.20578903610625182,0.46911202298748067,1.0,1.0,0.37201646090534984,m_y=1,0.14285714285714285,1.7
0.31557422808844704,0.6699638261350167,0.3221928355596813,0.6665388390249969,0.2,0.0,0.2878179384203481,m_y=0,0.14285714285714285,1.7
-0.5886817571930327,0.3874107959766637,-0.31285514184594965,0.1115841806295806,1.0,0.8,0.09283931910461385,m_a=0,0.14285714285714285,1.7
-0.3184123736008049,0.047586393696271025,-0.3184123736008048,0.04758639369627108,1.0,1.0,-0.18538587848932686,m_a=1,0.14285714285714285,1.7
-0.8470485240707333,3.8443317974557436,0.7412741569646111,2.2560091164203993,1.0,1.0,1.5030581039755353,m_u,0.14285714285714285,1.7
0.11619247744315808,0.5237464209866071,0.20512401105906503,0.4703668111776936,1.0,1.0,0.37201646090534984,m_y=1,0.125,1.7
0.31401215691074286,0.6707590293462553,0.32065351142093684,0.6673268089416637,0.0,0.0,0.2878179384203481,m_y=0,0.125,1.7
-0.5947682403984894,0.3944053165115114,-0.31481750938202147,0.11445458549504353,1.0,1.0,0.09283931910461385,m_a=0,0.125,1.7
-0.31811205918748936,0.05095257065172558,-0.31811205918748936,0.05095257065172568,1.0,1.0,-0.18538587848932686,m_a=1,0.125,1.7
-0.9400325953271569,4.463052558266368,0.9023342950319837,2.6206856679072277,1.0,1.0,1.7334352701325177,m_u,0.125,1.7
0.11566972314295407,0.5245379392986902,0.20490208997789336,0.471085176446838,1.0,1.0,0.37201646090534984,m_y=1,0.1111111111111111,1.7
0.3136262936111177,0.6715790656237011,0.3202875343199258,0.6681445004222593,0.0,0.0,0.2878179384203481,m_y=0,0.1111111111111111,1.7
-0.5967941020132084,0.39616853326825746,-0.3157406998372284,0.11511513109227751,1.0,0.8,0.09283931910461385,m_a=0,0.1111111111111111,1.7
-0.31834837757817164,0.051999648242673516,-0.3183483775781716,0.05199964824267357,1.0,1.0,-0.18538587848932686,m_a=1,0.1111111111111111,1.7
-1.0184202134647624,5.059151602079657,1.0624063512693283,2.9783250373455665,1.0,1.0,1.9638124362895006,m_u,0.1111111111111111,1.7
0.11720311221739277,0.5228370211427066,0.20572396521862252,0.46974557078802814,1.0,1.0,0.37201646090534984,m_y=1,0.1,1.7
0.3164066050214503,0.6718045394123748,0.32306354197154347,0.6683761702044735,0.0,0.0,0.2878179384203481,m_y=0,0.1,1.7
-0.5870232115688598,0.3841896776103382,-0.31294566943023805,0.11011213547171654,1.0,0.8,0.09283931910461385,m_a=0,0.1,1.7
-0.32022610193415935,0.045534789141109776,-0.32022610193415935,0.045534789141109845,1.0,1.0,-0.18538587848932686,m_a=1,0.1,1.7
-1.0370154310536681,5.553679476739444,1.2176285700255132,3.299035475660264,1.0,1.0,2.194189602446483,m_u,0.1,1.7
0.11657931643319168,0.5223946649240192,0.20541026638610918,0.46892709896848733,1.0,1.0,0.37201646090534984,m_y=1,0.09090909090909091,1.7
0.315062896885463,0.6701341622040013,0.3217304635583348,0.6666800358577571,0.2,0.2,0.2878179384203481,m_y=0,0.09090909090909091,1.7
-0.589495030865234,0.3871390286034056,-0.31352540695940884,0.11116940469758038,1.0,0.4,0.09283931910461385,m_a=0,0.09090909090909091,1.7
-0.318900488019225,0.04734437697345508,-0.3189004880192249,0.047344376973455074,1.0,1.0,-0.18538587848932686,m_a=1,0.09090909090909091,1.7
-1.1123733575535468,6.15571627611561,1.3848563584627744,3.65848656009929,1.0,1.0,2.4245667686034658,m_u,0.09090909090909091,1.7
0.11856879875131285,0.5230162932056619,0.20686110789906342,0.4698620388610587,1.0,1.0,0.37201646090534984,m_y=1,0.08333333333333333,1.7
0.31708930038913197,0.6712789944075203,0.32371135430237885,0.6678497364467249,0.2,0.0,0.2878179384203481,m_y=0,0.08333333333333333,1.7
-0.5892608443969259,0.38583906579790384,-0.31354497919156926,0.11012320059254717,1.0,0.8,0.09283931910461385,m_a=0,0.08333333333333333,1.7
-0.31692014347364034,0.047976431804293604,-0.31692014347364045,0.04797643180429364,1.0,1.0,-0.18538587848932686,m_a=1,0.08333333333333333,1.7
-1.1636161925353283,6.7339067765712155,1.5581294126111296,4.012161171424759,1.0,1.0,2.654943934760449,m_u,0.08333333333333333,1.7
0.11859538395885708,0.5204361440290227,0.20637039731625517,0.46731104662385226,1.0,1.0,0.37201646090534984,m_y=1,0.07692307692307693,1.7
0.3170299779140876,0.6688087492851041,0.3236182455751822,0.6653733265012355,0.4,0.0,0.2878179384203481,m_y=0,0.07692307692307693,1.7
-0.5835893806168417,0.3835579962415443,-0.3100468178706209,0.11001543349532335,1.0,0.4,0.09283931910461385,m_a=0,0.07692307692307693,1.7
-0.31859909861372765,0.04299759010990249,-0.31859909861372765,0.04299759010990252,1.0,1.0,-0.18538587848932686,m_a=1,0.07692307692307693,1.7
-1.2135717185070825,7.255963984777935,1.7117443118401188,4.330647954430733,1.0,1.0,2.8853211009174315,m_u,0.07692307692307693,1.7
0.11944122392489116,0.5207464454452588,0.2068659884770641,0.4678962523922765,1.0,1.0,0.37201646090534984,m_y=1,0.07142857142857142,1.7
0.3172283331143288,0.668469995972346,0.32377396427650446,0.6650601613728517,0.2,0.2,0.2878179384203481,m_y=0,0.07142857142857142,1.7
-0.5850530611722232,0.3839465717567624,-0.3111843786482976,0.11007788923283686,1.0,0.6,0.09283931910461385,m_a=0,0.07142857142857142,1.7
-0.3170820020629237,0.04605764004684589,-0.3170820020629236,0.04605764004684596,1.0,1.0,-0.18538587848932686,m_a=1,0.07142857142857142,1.7
-1.271485136394317,7.854648682026931,1.8826110666182339,4.700552479014382,1.0,1.0,3.115698267074414,m_u,0.07142857142857142,1.7
0.11526672831275175,0.5236914683615392,0.20464757709781142,0.4699702639607266,1.0,1.0,0.37201646090534984,m_y=1,0.06666666666666667,1.7
0.3131785243579208,0.6705197329266012,0.3198536608989044,0.6670645137109649,0.2,0.2,0.2878179384203481,m_y=0,0.06666666666666667,1.7
-0.5959490820080294,0.39765933681367044,-0.31418203601451855,0.11589229082015969,1.0,0.8,0.09283931910461385,m_a=0,0.06666666666666667,1.7
-0.31833457783326946,0.04997146852033498,-0.31833457783326935,0.049971468520335,1.0,1.0,-0.18538587848932686,m_a=1,0.06666666666666667,1.7
-1.4437369206061321,8.55853145849088,2.033113325827557,5.081681212057188,1.0,1.0,3.346075433231397,m_u,0.06666666666666667,1.7
0.1209390115631122,0.5205669163868192,0.2074821944289152,0.46845526543889077,1.0,1.0,0.37201646090534984,m_y=1,0.0625,1.7
0.318485584047584,0.6682860330432415,0.3249608247935535,0.6649307998798177,0.2,0.2,0.2878179384203481,m_y=0,0.0625,1.7
-0.5832802757330813,0.38140237777474656,-0.3115431312944467,0.10966523333611203,1.0,0.6,0.09283931910461385,m_a=0,0.0625,1.7
-0.31726702373810955,0.048174201168976596,-0.31726702373810955,0.048174201168976624,1.0,1.0,-0.18538587848932686,m_a=1,0.0625,1.7
-1.3721474503958757,8.995012779847942,2.204478450716917,5.41838687873515,1.0,1.0,3.5764525993883796,m_u,0.0625,1.7
0.11601908641617306,0.5234584038314818,0.20521308297012522,0.46975637467368064,1.0,1.0,0.37201646090534984,m_y=1,0.058823529411764705,1.7
0.31413732952315043,0.669990060674645,0.3207895174280696,0.6665391531358736,0.2,0.2,0.2878179384203481,m_y=0,0.058823529411764705,1.7
-0.5961855891099994,0.3985954171221054,-0.3139477535152374,0.11635758152734346,1.0,0.8,0.09283931910461385,m_a=0,0.058823529411764705,1.7
-0.3182517110347121,0.04989439383677648,-0.31825171103471206,0.04989439383677648,1.0,1.0,-0.18538587848932686,m_a=1,0.058823529411764705,1.7
-1.5899343272327706,9.73224345161547,2.357079807858503,5.7852293165242,1.0,1.0,3.8068297655453627,m_u,0.058823529411764705,1.7
0.11522606685887157,0.5236177806750997,0.20476356702296358,0.46973158790509684,1.0,1.0,0.37201646090534984,m_y=1,0.05555555555555555,1.7
0.3131527445999125,0.6699661352130474,0.31983711290342937,0.6664996617524518,0.2,0.2,0.2878179384203481,m_y=0,0.05555555555555555,1.7
-0.5971659161007901,0.3989591183355124,-0.31461728617598855,0.11641048841071092,1.0,0.6,0.09283931910461385,m_a=0,0.05555555555555555,1.7
-0.31801829347634153,0.05092851113583945,-0.3180182934763415,0.05092851113583953,1.0,1.0,-0.18538587848932686,m_a=1,0.05555555555555555,1.7
-1.6634332945247887,10.330626195840441,2.5203601797745656,6.146832721541085,1.0,1.0,4.037206931702345,m_u,0.05555555555555555,1.7
0.11441903217658775,0.5245798296717707,0.20433100185136716,0.47062185009466173,1.0,1.0,0.37201646090534984,m_y=1,0.05263157894736842,1.7
0.31262846360491153,0.6714587452253034,0.31934391011284124,0.6679885508505163,0.0,0.0,0.2878179384203481,m_y=0,0.05263157894736842,1.7
-0.5980504572033067,0.3987597473400125,-0.31530657049557764,0.11601586063228334,1.0,0.8,0.09283931910461385,m_a=0,0.05263157894736842,1.7
-0.3187457844938996,0.0504508823235458,-0.3187457844938996,0.05045088232354579,1.0,1.0,-0.18538587848932686,m_a=1,0.05263157894736842,1.7
-1.74405918924693,10.914422154255918,2.675219113392838,6.495143851616153,1.0,1.0,4.267584097859328,m_u,0.05263157894736842,1.7
0.11250878308161823,0.5251205625762188,0.20313512333630693,0.4708540464005025,1.0,1.0,0.37201646090534984,m_y=1,0.05,1.7
0.3105350211062313,0.6714070883406744,0.31730156604689974,0.667921825104216,0.0,0.0,0.2878179384203481,m_y=0,0.05,1.7
-0.6014377645251774,0.40538236245803505,-0.3153786143906311,0.11932321232348894,1.0,1.0,0.09283931910461385,m_a=0,0.05,1.7
-0.3192581590901936,0.0515991910986491,-0.3192581590901935,0.05159919109864904,1.0,1.0,-0.18538587848932686,m_a=1,0.05,1.7
-1.8757066810257599,11.566089013144207,2.83070991751815,6.859672414600301,1.0,1.0,4.497961264016309,m_u,0.05,1.7
0.11577745788234575,0.5250464795303952,0.20527402491331567,0.4713306270040234,1.0,1.0,0.37201646090534984,m_y=1,0.047619047619047616,1.7
0.31359370076265974,0.6716997223356425,0.3202642187492867,0.6682508517355378,0.0,0.0,0.2878179384203481,m_y=0,0.047619047619047616,1.7
-0.5995854165463347,0.39926174800279013,-0.3161939344649299,0.11587026592138545,1.0,0.6,0.09283931910461385,m_a=0,0.047619047619047616,1.7
-0.3167496609952167,0.05290122956102823,-0.3167496609952166,0.05290122956102824,1.0,1.0,-0.18538587848932686,m_a=1,0.047619047619047616,1.7
-1.8772432887111556,12.121149256373052,3.0184095622914615,7.225496405370437,1.0,1.0,4.728338430173293,m_u,0.047619047619047616,1.7
0.1166407610159731,0.5246066798216742,0.20587031648072945,0.47100589235405027,1.0,1.0,0.37201646090534984,m_y=1,0.045454545454545456,1.7
0.3153312652274915,0.6724680881263861,0.32201635852366944,0.6690117105715687,0.0,0.0,0.2878179384203481,m_y=0,0.045454545454545456,1.7
-0.5944525676051311,0.38987113636597914,-0.31611175036225986,0.11153031912310782,1.0,0.8,0.09283931910461385,m_a=0,0.045454545454545456,1.7
-0.3178236450727446,0.050452087500910126,-0.31782364507274447,0.05045208750091018,1.0,1.0,-0.18538587848932686,m_a=1,0.045454545454545456,1.7
-1.8675008164870968,12.589200740216123,3.1698721389970403,7.551827784731988,1.0,1.0,4.958715596330275,m_u,0.045454545454545456,1.7
0.11593088597167753,0.5235997543288963,0.20509531525626898,0.4700480356259556,1.0,1.0,0.37201646090534984,m_y=1,0.043478260869565216,1.7
0.31446671067784365,0.6713749467016457,0.32114196493624403,0.6679253242606263,0.0,0.0,0.2878179384203481,m_y=0,0.043478260869565216,1.7
-0.5926084079954942,0.39226800432985787,-0.3137715498184396,0.11343114615280321,1.0,0.8,0.09283931910461385,m_a=0,0.043478260869565216,1.7
-0.31921656865448983,0.04780493523968834,-0.31921656865448983,0.04780493523968839,1.0,1.0,-0.18538587848932686,m_a=1,0.043478260869565216,1.7
-1.9591987701780371,13.149163886987832,3.3165310204685623,7.873434096341233,1.0,1.0,5.189092762487258,m_u,0.043478260869565216,1.7
0.1168205629124937,0.5228727895004898,0.20556184452549692,0.469455092821502,1.0,1.0,0.37201646090534984,m_y=1,0.041666666666666664,1.7
0.3151879905724079,0.6707984274722516,0.3218393775423859,0.6673522437475263,0.0,0.0,0.2878179384203481,m_y=0,0.041666666666666664,1.7
-0.5912329472139506,0.3899759689572913,-0.3134658072381244,0.11220882898146516,1.0,0.6,0.09283931910461385,m_a=0,0.041666666666666664,1.7
-0.31803145512475506,0.04775827941847492,-0.318031455124755,0.04775827941847492,1.0,1.0,-0.18538587848932686,m_a=1,0.041666666666666664,1.7
-1.991577727430712,13.70724509736117,3.492412045303033,8.223255324627427,1.0,1.0,5.419469928644241,m_u,0.041666666666666664,1.7
0.11738153212056494,0.5225592562999563,0.20602576964241237,0.46932847993266147,1.0,1.0,0.37201646090534984,m_y=1,1.0,1.7
0.3168770480911341,0.6717540239076913,0.3235575679213121,0.6683080158848396,0.0,0.0,0.2878179384203481,m_y=0,1.0,1.7
-0.5853694858191423,0.3802998691735734,-0.3131171712826877,0.1080475546371189,1.0,0.6,0.09283931910461385,m_a=0,1.0,1.7
-0.32017286310489534,0.04462198551063401,-0.32017286310489534,0.04462198551063405,1.0,1.0,-0.18538587848932686,m_a=1,1.0,1.7
-0.4514179444478084,0.37394597706758415,-0.22745503126644356,0.14998306388621935,1.0,1.0,0.12079510703363916,m_u,1.0,1.7
0.11587509500015813,0.5247075123904315,0.2055216836440416,0.4708783630481731,1.0,1.0,0.37201646090534984,m_y=1,2.0,1.7
0.31495099077197786,0.6724694856056688,0.3216748688872319,0.6689949367159549,0.2,0.2,0.2878179384203481,m_y=0,2.0,1.7
-0.5954068160306139,0.39054490521485086,-0.31668336821430415,0.11182145739854125,1.0,0.8,0.09283931910461385,m_a=0,2.0,1.7
-0.3186099533125974,0.050609147380058284,-0.3186099533125974,0.05060914738005826,1.0,1.0,-0.18538587848932686,m_a=1,2.0,1.7
-0.850230368621812,0.18136568191854693,-0.6209441072683342,-0.04792057943493111,1.0,0.0,0.011213047910295593,m_u,2.0,1.7
0.11306738027463312,0.5248908092161534,0.20344176089669866,0.470690197800835,1.0,1.0,0.37201646090534984,m_y=1,3.0,1.7
0.31059962672780744,0.6705606102189741,0.3173338200653891,0.667081536297046,0.2,0.2,0.2878179384203481,m_y=0,3.0,1.7
-0.6024410440310434,0.4060037353162155,-0.3159857764212013,0.11954846770637335,1.0,0.8,0.09283931910461385,m_a=0,3.0,1.7
-0.3182479257286528,0.0534894443730219,-0.3182479257286527,0.053489444373021944,1.0,1.0,-0.18538587848932686,m_a=1,3.0,1.7
-1.2520739745086917,-0.01153813023888035,-1.016427286474907,-0.24718481827266495,1.0,0.0,-0.09836901121304792,m_u,3.0,1.7
0.11408475252708025,0.5243722345795339,0.20421228402040142,0.47029725633088465,1.0,1.0,0.37201646090534984,m_y=1,4.0,1.7
0.31271672894745334,0.6715081564991124,0.3194689376440277,0.6680234026593943,0.2,0.2,0.2878179384203481,m_y=0,4.0,1.7
-0.5964985877251394,0.3964888147941756,-0.3151375823916915,0.11512780946072772,1.0,0.8,0.09283931910461385,m_a=0,4.0,1.7
-0.31943320905576716,0.04963141955135131,-0.31943320905576716,0.04963141955135134,1.0,1.0,-0.18538587848932686,m_a=1,4.0,1.7
-1.6332033298564095,-0.21565169101976492,-1.4017473346432674,-0.4471076862329072,0.4,0.0,-0.20795107033639143,m_u,4.0,1.7
0.1176674474836302,0.5230276415547529,0.20600246372171055,0.4699711368457956,1.0,1.0,0.37201646090534984,m_y=1,5.0,1.7
0.31622223724645915,0.6713583038099821,0.32284788441779133,0.6679365586323109,0.0,0.0,0.2878179384203481,m_y=0,5.0,1.7
-0.5893068259413068,0.386516030177377,-0.313734513647843,0.11094371788391336,1.0,0.8,0.09283931910461385,m_a=0,5.0,1.7
-0.3186088562703655,0.04805462808394421,-0.3186088562703655,0.04805462808394423,1.0,1.0,-0.18538587848932686,m_a=1,5.0,1.7
-2.014630787639529,-0.42312821689485636,-1.7879367448048444,-0.6498222597295406,0.0,0.0,-0.31753312945973494,m_u,5.0,1.7
0.11744167249714547,0.5228111918472773,0.20573743190000351,0.4697484959609707,1.0,1.0,0.37201646090534984,m_y=1,6.0,1.7
0.3150643697335954,0.6701549613886747,0.321665657489688,0.6667400161564087,0.0,0.0,0.2878179384203481,m_y=0,6.0,1.7
-0.5909296569178457,0.3902065679466178,-0.31352391021541404,0.11280082124418633,1.0,0.8,0.09283931910461385,m_a=0,6.0,1.7
-0.3175482318329713,0.04968000631990517,-0.3175482318329713,0.04968000631990513,1.0,1.0,-0.18538587848932686,m_a=1,6.0,1.7
-2.410514221360727,-0.6242642812834402,-2.182311940434262,-0.8524665622099056,0.0,0.0,-0.42711518858307845,m_u,6.0,1.7
0.11424668161165732,0.5260997752867862,0.20462319719324626,0.4719500271798592,1.0,1.0,0.37201646090534984,m_y=1,7.0,1.7
0.3127139498763036,0.6729421338970063,0.31946322103009644,0.6694620307993884,0.0,0.0,0.2878179384203481,m_y=0,7.0,1.7
-0.6017501992448351,0.4006847148171665,-0.3172798409885961,0.1162143565609276,1.0,0.8,0.09283931910461385,m_a=0,7.0,1.7
-0.31784427788030406,0.05287219119933526,-0.31784427788030406,0.05287219119933524,1.0,1.0,-0.18538587848932686,m_a=1,7.0,1.7
-2.8187584193401407,-0.8164709344380965,-2.5847445772272097,-1.050484776551027,0.0,0.0,-0.536697247706422,m_u,7.0,1.7
0.11454774805361889,0.524715688726461,0.2045177810039136,0.4706900492597156,1.0,1.0,0.37201646090534984,m_y=1,8.0,1.7
0.3126798392117953,0.6714263059683987,0.3194010688612371,0.6679512082493488,0.2,0.0,0.2878179384203481,m_y=0,8.0,1.7
-0.5985738659980384,0.3990712844648021,-0.3155411997651902,0.11603861823195386,1.0,1.0,0.09283931910461385,m_a=0,8.0,1.7
-0.31807857651359306,0.05120394388039218,-0.31807857651359306,0.05120394388039227,1.0,1.0,-0.18538587848932686,m_a=1,8.0,1.7
-3.2031636949217974,-1.0181355244841366,-2.970332541354103,-1.2509666780518311,0.0,0.0,-0.6462793068297656,m_u,8.0,1.7
0.11673799285452777,0.5229241398219837,0.20552812686957034,0.4695330016078815,1.0,1.0,0.37201646090534984,m_y=1,9.0,1.7
0.31508029396551107,0.6706663046402775,0.3217285879236805,0.6672264748527649,0.0,0.0,0.2878179384203481,m_y=0,9.0,1.7
-0.5906254851198603,0.39042181318826413,-0.3129132433419717,0.11270957141037534,1.0,0.8,0.09283931910461385,m_a=0,9.0,1.7
-0.31860750224518697,0.04716131382595059,-0.31860750224518697,0.04716131382595058,1.0,1.0,-0.18538587848932686,m_a=1,9.0,1.7
-3.5717462324881604,-1.222608312212384,-3.3432918195271446,-1.4510627251734,0.0,0.0,-0.7558613659531093,m_u,9.0,1.7
0.11227720488456001,0.5249824808780794,0.20311471173903933,0.4706335015942237,1.0,1.0,0.37201646090534984,m_y=1,10.0,1.7
0.3117037584443459,0.6724293653896681,0.31851342939629,0.668929538321213,0.2,0.0,0.2878179384203481,m_y=0,10.0,1.7
-0.597929330654327,0.40050042590770596,-0.31474302924840447,0.11731412450178369,1.0,0.8,0.09283931910461385,m_a=0,10.0,1.7
-0.32210857902412254,0.047760906219687316,-0.32210857902412243,0.047760906219687316,1.0,1.0,-0.18538587848932686,m_a=1,10.0,1.7
-3.9705790501062537,-1.3998766119383363,-3.737621511640831,-1.632834150403759,0.0,0.0,-0.8654434250764528,m_u,10.0,1.7
0.11412037732960378,0.5260510624828482,0.20443997449262047,0.4719979851964736,1.0,1.0,0.37201646090534984,m_y=1,11.0,1.7
0.31249429789715877,0.6728384514290033,0.3192376904551767,0.6693661562157158,0.2,0.0,0.2878179384203481,m_y=0,11.0,1.7
-0.6016909110501245,0.4007942312876529,-0.31734087186144944,0.11644419209897783,1.0,0.8,0.09283931910461385,m_a=0,11.0,1.7
-0.318153121664474,0.053160623897324545,-0.3181531216644739,0.05316062389732468,1.0,1.0,-0.18538587848932686,m_a=1,11.0,1.7
-4.389944655565882,-1.6170173632907794,-4.156029791523822,-1.8509322273328395,0.0,0.0,-0.9750254841997963,m_u,11.0,1.7
0.11379123657960104,0.5246799292936428,0.2037307545684497,0.4708147316038138,1.0,1.0,0.37201646090534984,m_y=1,12.0,1.7
0.3112197390742441,0.6707027997648983,0.3179252169205268,0.6672464941936745,0.0,0.0,0.2878179384203481,m_y=0,12.0,1.7
-0.6004775540639226,0.4038816709576546,-0.3154442215471394,0.11884833844087157,1.0,1.0,0.09283931910461385,m_a=0,12.0,1.7
-0.3181126239258695,0.05324283503782987,-0.3181126239258695,0.05324283503782986,1.0,1.0,-0.18538587848932686,m_a=1,12.0,1.7
-4.783516399623316,-1.8170929142052799,-4.549039438011651,-2.051569875816946,0.0,0.0,-1.0846075433231397,m_u,12.0,1.7
0.11526279334445758,0.5229482065465556,0.20488486572343026,0.4688397581683993,1.0,1.0,0.37201646090534984,m_y=1,13.0,1.7
0.3137562090231224,0.6697516791174001,0.3204675249762659,0.6662567927933094,0.2,0.2,0.2878179384203481,m_y=0,13.0,1.7
-0.5947748493408963,0.393957537772674,-0.314639468160531,0.11382215659230872,1.0,0.8,0.09283931910461385,m_a=0,13.0,1.7
-0.31864511062356293,0.04892394598905094,-0.31864511062356293,0.04892394598905099,1.0,1.0,-0.18538587848932686,m_a=1,13.0,1.7
-5.143279694104768,-2.0202250025066726,-4.912831934051195,-2.250672762560245,0.0,0.0,-1.194189602446483,m_u,13.0,1.7
0.11736203410023434,0.5230946137037942,0.20593673697695106,0.4697773584497962,1.0,1.0,0.37201646090534984,m_y=1,14.0,1.7
0.31495754930649544,0.6698050241503396,0.3215699259928322,0.6663749861205462,0.4,0.4,0.2878179384203481,m_y=0,14.0,1.7
-0.5937092197657108,0.39270313809267354,-0.31454316120317405,0.11353707953013684,1.0,0.6,0.09283931910461385,m_a=0,14.0,1.7
-0.31680290235244046,0.05124532694095527,-0.3168029023524404,0.05124532694095533,1.0,1.0,-0.18538587848932686,m_a=1,14.0,1.7
-5.548670604946638,-2.233338123788728,-5.319020238728527,-2.4629884900068397,0.0,0.0,-1.303771661569827,m_u,14.0,1.7
0.12177113641962634,0.5199949283376342,0.20793358268750692,0.4679381568081406,1.0,1.0,0.37201646090534984,m_y=1,15.0,1.7
0.31903883515443543,0.6678477150503173,0.3254798396825927,0.6644951129865289,0.2,0.0,0.2878179384203481,m_y=0,15.0,1.7
-0.5819378694497634,0.38051263049340694,-0.3104791695711793,0.10905393061482278,1.0,0.6,0.09283931910461385,m_a=0,15.0,1.7
-0.3162265308339876,0.04686263057716304,-0.3162265308339875,0.04686263057716307,1.0,1.0,-0.18538587848932686,m_a=1,15.0,1.7
-5.899552066397133,-2.4475456114913445,-5.676242004417503,-2.6708556734709754,0.0,0.0,-1.4133537206931703,m_u,15.0,1.7
0.1143138640684656,0.5252528237624942,0.20448339547474106,0.4711349391739169,1.0,1.0,0.37201646090534984,m_y=1,16.0,1.7
0.3124331930754921,0.6717913415023765,0.3191647177224255,0.6683122593405428,0.0,0.0,0.2878179384203481,m_y=0,16.0,1.7
-0.6005366950505594,0.40062007480641715,-0.3164033607643529,0.11648674052021069,1.0,0.8,0.09283931910461385,m_a=0,16.0,1.7
-0.31775993814571446,0.0523733913764969,-0.3177599381457145,0.052373391376496936,1.0,1.0,-0.18538587848932686,m_a=1,16.0,1.7
-6.345648019729944,-2.6230012287097426,-6.111911423635175,-2.856737824804512,0.0,0.0,-1.5229357798165137,m_u,16.0,1.7
0.119551696726967,0.5217147005704371,0.20708084834652732,0.4690058865739249,1.0,1.0,0.37201646090534984,m_y=1,17.0,1.7
0.3181324368096834,0.6704974251006726,0.3247049259903066,0.667091573241419,0.0,0.0,0.2878179384203481,m_y=0,17.0,1.7
-0.5840899816529566,0.3789628340103487,-0.3126419878139567,0.1075148401713489,1.0,0.8,0.09283931910461385,m_a=0,17.0,1.7
-0.3182436846700372,0.04584928675366014,-0.3182436846700372,0.04584928675366018,1.0,1.0,-0.18538587848932686,m_a=1,17.0,1.7
-6.670199037511369,-2.8331895002925918,-6.446897782640756,-3.056490755163206,0.0,0.0,-1.6325178389398574,m_u,17.0,1.7
0.11895368079054498,0.5222241924459435,0.20683163359190554,0.4693316103993528,1.0,1.0,0.37201646090534984,m_y=1,18.0,1.7
0.3176172560645035,0.6710965059001797,0.3242235282776693,0.6676789123325764,0.0,0.0,0.2878179384203481,m_y=0,18.0,1.7
-0.5854286085085503,0.38137147977161545,-0.31253142836545333,0.1084742996285184,1.0,0.8,0.09283931910461385,m_a=0,18.0,1.7
-0.317819945864733,0.04599983085440638,-0.317819945864733,0.04599983085440644,1.0,1.0,-0.18538587848932686,m_a=1,18.0,1.7
-7.0613116905438345,-3.0362472198351074,-6.836818291588199,-3.260740618790744,0.0,0.0,-1.7420998980632014,m_u,18.0,1.7
0.11459411564129521,0.5239382807787772,0.2042053544529351,0.47017295061139686,1.0,1.0,0.37201646090534984,m_y=1,19.0,1.7
0.3124290938173247,0.6706399865543652,0.31911924538586944,0.6671843636264353,0.0,0.0,0.2878179384203481,m_y=0,19.0,1.7
-0.5966419267082947,0.39878472924994474,-0.3143402831732785,0.11648308571492849,1.0,1.0,0.09283931910461385,m_a=0,19.0,1.7
-0.31875386431743624,0.050144526802285184,-0.3187538643174362,0.05014452680228515,1.0,1.0,-0.18538587848932686,m_a=1,19.0,1.7
-7.499086250932612,-3.2177880628279345,-7.2668564585444795,-3.4500178552160676,0.0,0.0,-1.8516819571865444,m_u,19.0,1.7
0.12141213592989279,0.5201950589335997,0.20802703440683618,0.4678549728245799,1.0,1.0,0.37201646090534984,m_y=1,20.0,1.7
0.3206772791841463,0.6700875331799256,0.3272004609494439,0.6667009877824324,0.0,0.0,0.2878179384203481,m_y=0,20.0,1.7
-0.5782568246049766,0.37502753076205436,-0.30944585728091945,0.1062165634379972,1.0,0.8,0.09283931910461385,m_a=0,20.0,1.7
-0.3185349453494489,0.04136469219518295,-0.3185349453494489,0.041364692195182975,1.0,1.0,-0.18538587848932686,m_a=1,20.0,1.7
-7.787993776258716,-3.435811015409641,-7.566861818429446,-3.6569429732389116,0.0,0.0,-1.961264016309888,m_u,20.0,1.7
0.11302118703148997,0.5258372944443325,0.20371331363148917,0.47149119826480623,1.0,1.0,0.37201646090534984,m_y=1,21.0,1.7
0.31121120057123375,0.6721387106663681,0.31797764538287276,0.6686477593071691,0.0,0.0,0.2878179384203481,m_y=0,21.0,1.7
-0.6032127985769081,0.40464987471032926,-0.31691439206319433,0.11835146819661543,1.0,0.8,0.09283931910461385,m_a=0,21.0,1.7
-0.3184578178493072,0.05302846477461574,-0.3184578178493071,0.05302846477461572,1.0,1.0,-0.18538587848932686,m_a=1,21.0,1.7
-8.315471647927854,-3.616460461781847,-8.079953998532782,-3.8519781111769205,0.0,0.0,-2.070846075433231,m_u,21.0,1.7
0.11736237165048305,0.5237343436523398,0.2060607756570439,0.47042407705981376,1.0,1.0,0.37201646090534984,m_y=1,22.0,1.7
0.3158975136917746,0.6716987431525141,0.32254158207459327,0.668261829173107,0.2,0.0,0.2878179384203481,m_y=0,22.0,1.7
-0.5920958029530237,0.38875532074764274,-0.31487848534605445,0.11153800314067357,1.0,0.6,0.09283931910461385,m_a=0,22.0,1.7
-0.31805752248619756,0.04952766121288412,-0.3180575224861975,0.04952766121288417,1.0,1.0,-0.18538587848932686,m_a=1,22.0,1.7
-8.66040255393723,-3.830568907306057,-8.432355280431803,-4.058616180811485,0.0,0.0,-2.180428134556575,m_u,22.0,1.7
0.11652096132349436,0.5230920039165289,0.2054673512964959,0.46953493938919816,1.0,1.0,0.37201646090534984,m_y=1,23.0,1.7
0.31452386020205003,0.670441354623391,0.321178955763922,0.6669899940626223,0.0,0.0,0.2878179384203481,m_y=0,23.0,1.7
-0.5923629587162249,0.391770220699026,-0.3136054087871613,0.1130126707699624,1.0,0.8,0.09283931910461385,m_a=0,23.0,1.7
-0.3176324026109495,0.04854829906890849,-0.3176324026109494,0.04854829906890854,1.0,1.0,-0.18538587848932686,m_a=1,23.0,1.7
-9.04043745293882,-4.035345065531907,-8.811123138165367,-4.264659380305358,0.0,0.0,-2.290010193679919,m_u,23.0,1.7
0.12101844909001278,0.5189687657357048,0.20726564215902035,0.46675512853845846,1.0,1.0,0.37201646090534984,m_y=1,24.0,1.7
0.3179835653833469,0.66653534010533,0.32442952337684366,0.6631702551332621,0.2,0.2,0.2878179384203481,m_y=0,24.0,1.7
-0.5805610169189848,0.3815978035657678,-0.3089079187285276,0.1099447053753108,1.0,0.6,0.09283931910461385,m_a=0,24.0,1.7
-0.31684991395004636,0.04493946616423337,-0.31684991395004636,0.04493946616423338,1.0,1.0,-0.18538587848932686,m_a=1,24.0,1.7
-9.379515541403034,-4.253469811862442,-9.156045561546055,-4.476939791719422,0.0,0.0,-2.399592252803262,m_u,24.0,1.7
