g,s,metric,Rs_down,Rs_up,Rd_down,Rd_up,Rs_coverage,Rd_coverage,R_oracle,selection_rate,size
_Population,0,m_a=0,-0.28500598675151234,0.0262714236882563,-0.19012093980342193,-0.0686136232598342,0.5,0.0,0.013123081361359312,0.1799184505606524,1.0
_Population,0,m_a=1,-0.2715174071981725,-0.12361297983659575,-0.2715174071981724,-0.12361297983659567,1.0,1.0,-0.23883874175709835,0.1799184505606524,1.0
_Population,0,m_u,-0.20556802916997668,0.07916639818118965,-0.12749304836898345,0.0010914173801964827,1.0,0.0,0.02803261977573905,0.1799184505606524,1.0
_Population,0,m_y=0,0.38913976561245234,0.5365103734593762,0.39162436173964177,0.5346061184597968,0.0,0.0,0.28601036269430047,0.1799184505606524,1.0
_Population,0,m_y=1,0.15633487818876604,0.3206829979925915,0.19027007333818935,0.2928006656305857,1.0,1.0,0.23346699085725658,0.1799184505606524,1.0
_Population,1,m_a=0,-0.27769199454768545,0.022409626280972983,-0.18580286846554045,-0.06947949980117193,0.5,0.0,0.02622236784881371,0.1783893985728848,1.0
_Population,1,m_a=1,-0.2820175942691696,-0.14070330561974181,-0.28201759426916967,-0.1407033056197419,1.0,1.0,-0.2283447950305031,0.1783893985728848,1.0
_Population,1,m_u,-0.20056523468054555,0.07314423569991352,-0.12509303689590617,-0.0023279620847258126,1.0,0.0,0.04587155963302754,0.1783893985728848,1.0
_Population,1,m_y=0,0.38666882975546113,0.5288744897957406,0.38816475529747085,0.5277144584268103,0.0,0.0,0.2699316941768255,0.1783893985728848,1.0
_Population,1,m_y=1,0.1590129745718003,0.31935382521513667,0.1926629200876689,0.29146704667487733,1.0,1.0,0.2469489120151372,0.1783893985728848,1.0
_Population,2,m_a=0,-0.3397994212365227,0.069559318698248,-0.20850439640047788,-0.061735706137796574,1.0,0.0,0.009037830892276971,0.1941896024464832,1.0
_Population,2,m_a=1,-0.10971551566180116,0.06185088552427742,-0.10971551566180121,0.061850885524277345,0.0,0.0,-0.2063468151389966,0.1941896024464832,1.0
_Population,2,m_u,-0.24407388357602877,0.11563351660355159,-0.1382811777909832,0.00984081081850613,1.0,0.0,0.030581039755351674,0.1941896024464832,1.0
_Population,2,m_y=0,0.33639271397714055,0.46721186527349656,0.3393051751729438,0.4648642293908722,0.0,0.0,0.2722962334553141,0.1941896024464832,1.0
_Population,2,m_y=1,0.1719322380757897,0.3193227102213214,0.20034493376176432,0.29541171412518297,1.0,1.0,0.216523098899434,0.1941896024464832,1.0
_Population,3,m_a=0,-0.2765809225262107,0.03490084506355559,-0.17900683614847662,-0.06267324131417872,0.5,0.0,0.006748412355840949,0.1926605504587156,1.0
_Population,3,m_a=1,-0.27063720396049795,-0.13134341258418292,-0.2706372039604979,-0.13134341258418286,1.0,1.0,-0.2342428665022645,0.1926605504587156,1.0
_Population,3,m_u,-0.20910653096230178,0.06945311607952909,-0.1302140206349191,-0.009439394247853547,1.0,0.0,0.024974515800203864,0.1926605504587156,1.0
_Population,3,m_y=0,0.3730046757231928,0.5108094612577654,0.3747428417210546,0.5094391625958907,0.0,0.0,0.28455706419902566,0.1926605504587156,1.0
_Population,3,m_y=1,0.13547170690655783,0.29078173007824515,0.16900320933761565,0.262711452075046,1.0,1.0,0.21446126091089793,0.1926605504587156,1.0
_Population,4,m_a=0,-0.3037276857961024,0.06638464649661502,-0.18780965490672438,-0.049533384392762905,1.0,0.0,0.004500669716181932,0.18297655453618755,1.0
_Population,4,m_a=1,-0.2644364531494851,-0.10591482592405999,-0.26443645314948505,-0.10591482592405993,1.0,1.0,-0.24353602013277165,0.18297655453618755,1.0
_Population,4,m_u,-0.22912472433317893,0.0996649893688567,-0.13438139516940928,0.004921660205087136,1.0,0.0,0.020897043832823647,0.18297655453618755,1.0
_Population,4,m_y=0,0.3589273958000843,0.5173052604449755,0.361957447374216,0.5149849754391244,0.0,0.0,0.3013503401360544,0.18297655453618755,1.0
_Population,4,m_y=1,0.14534569634114136,0.32403275654338193,0.1837188683166796,0.2926787608926803,1.0,1.0,0.22770876408523705,0.18297655453618755,1.0
_Population,5,m_a=0,-0.2877038603184085,0.030010895402330373,-0.18828089033011366,-0.06941207458596449,1.0,0.0,7.800400290852716e-05,0.20285423037716616,1.0
_Population,5,m_a=1,-0.2757451008371792,-0.13313153611252682,-0.27574510083717907,-0.13313153611252684,1.0,1.0,-0.2241144420244663,0.20285423037716616,1.0
_Population,5,m_u,-0.21682170916720317,0.06595524637413497,-0.1375065536247273,-0.013359909168341011,1.0,0.0,0.017329255861365966,0.20285423037716616,1.0
_Population,5,m_y=0,0.3653151827858877,0.5181091598712074,0.3688235405952226,0.5154150063296525,0.0,0.0,0.28491329058583503,0.20285423037716616,1.0
_Population,5,m_y=1,0.11383655410074187,0.28419742633249784,0.15269804072535592,0.2520262474658798,1.0,1.0,0.2007969303423849,0.20285423037716616,1.0
_Population,6,m_a=0,-0.2943033783390798,0.07681161190131597,-0.17750008576996495,-0.039991680667798825,1.0,0.0,0.013686196334867784,0.18246687054026503,1.0
_Population,6,m_a=1,-0.21954067460715848,-0.06082388010905909,-0.21954067460715854,-0.06082388010905921,0.5,0.5,-0.23463500220849604,0.18246687054026503,1.0
_Population,6,m_u,-0.22026796751932098,0.10915685640820988,-0.1249455013551551,0.013834390244043995,1.0,0.0,0.0275229357798165,0.18246687054026503,1.0
_Population,6,m_y=0,0.3487940610011221,0.4958074212621094,0.35126394857373744,0.49387147145512805,0.0,0.0,0.28604302545760574,0.18246687054026503,1.0
_Population,6,m_y=1,0.15745507592105867,0.3234932977330891,0.19199432913353465,0.2950414265034911,1.0,1.0,0.23436556085857355,0.18246687054026503,1.0
_Population,7,m_a=0,-0.293833484562948,0.07445349463184181,-0.17671990980513008,-0.04266008012597596,1.0,0.0,0.001485549871990205,0.1834862385321101,1.0
_Population,7,m_a=1,-0.2989894351573651,-0.14417489122974453,-0.298989435157365,-0.14417489122974453,1.0,1.0,-0.2529859098251303,0.1834862385321101,1.0
_Population,7,m_u,-0.23312770044396575,0.09245491756934787,-0.1374419981349041,-0.003230784739713638,1.0,0.0,0.01834862385321101,0.1834862385321101,1.0
_Population,7,m_y=0,0.3475212981470708,0.5052766905145372,0.34939187090702784,0.5038358366594411,0.0,0.0,0.3000627680719741,0.1834862385321101,1.0
_Population,7,m_y=1,0.12219323581551078,0.30190363461285546,0.16235551121495012,0.2689229456542985,1.0,1.0,0.21808487137855243,0.1834862385321101,1.0
_Population,8,m_a=0,-0.2612329639502873,0.009162457040297445,-0.17914879730988967,-0.07292170960010015,0.5,0.0,0.007564570259632253,0.18450560652395515,1.0
_Population,8,m_a=1,-0.29906616893589666,-0.16396874880471957,-0.29906616893589666,-0.16396874880471957,1.0,1.0,-0.23421769890302757,0.18450560652395515,1.0
_Population,8,m_u,-0.18592669954909502,0.0636025405276883,-0.11913930630160824,-0.0031848527197984727,1.0,0.0,0.023955147808358834,0.18450560652395515,1.0
_Population,8,m_y=0,0.3912906738733618,0.5416503138243892,0.3942099505713409,0.5394266715976193,0.0,0.0,0.2831591157111579,0.18450560652395515,1.0
_Population,8,m_y=1,0.14241506725313333,0.30976314552869977,0.17916530303899014,0.2795755525032697,1.0,1.0,0.2197748873321137,0.18450560652395515,1.0
_Population,9,m_a=0,-0.2531797175749568,-0.022335560371228746,-0.18652587766857393,-0.08898940027761153,0.0,0.0,0.011243130775124344,0.18705402650356778,1.0
_Population,9,m_a=1,-0.31508432594791086,-0.18697296140738306,-0.31508432594791086,-0.18697296140738306,1.0,1.0,-0.23577463432183648,0.18705402650356778,1.0
_Population,9,m_u,-0.17911933520112994,0.04048528831020226,-0.12492566660789388,-0.01370838028303377,1.0,0.0,0.028542303771661573,0.18705402650356778,1.0
_Population,9,m_y=0,0.421164923559871,0.5586019473164543,0.42308309834479196,0.5571359383837451,0.0,0.0,0.2826887338265718,0.18705402650356778,1.0
_Population,9,m_y=1,0.144805828894117,0.2970530725610842,0.1765076268766515,0.27084286449509776,1.0,1.0,0.22401189034459978,0.18705402650356778,1.0
_Population,10,m_a=0,-0.3083461663871133,0.04489990273915462,-0.19891613834852212,-0.06453012529943664,0.5,0.0,0.0014859392623690904,0.1946992864424057,1.0
_Population,10,m_a=1,-0.19217527139244578,-0.03586445566991753,-0.19217527139244586,-0.035864455669917646,0.5,0.5,-0.22883432088928268,0.1946992864424057,1.0
_Population,10,m_u,-0.22536210214602442,0.08876679123878695,-0.13732936355981812,0.0007340526525805996,1.0,0.0,0.023445463812436285,0.1946992864424057,1.0
_Population,10,m_y=0,0.367425022695266,0.5012955434845617,0.3696897801352721,0.4995074562254114,0.0,0.0,0.2960534089566348,0.1946992864424057,1.0
_Population,10,m_y=1,0.15989047535916512,0.3099733417072412,0.18991405339347084,0.28489155278735784,1.0,1.0,0.21534359007113713,0.1946992864424057,1.0
_Population,11,m_a=0,-0.25929924687738254,0.021980795276961757,-0.1760035564119603,-0.06131489518846041,1.0,0.0,0.010897278862836507,0.18705402650356778,1.0
_Population,11,m_a=1,-0.3016143915242817,-0.16994337969004508,-0.3016143915242816,-0.16994337969004503,1.0,1.0,-0.23654380294245125,0.18705402650356778,1.0
_Population,11,m_u,-0.1898122145517061,0.06544931954660915,-0.12208972602135304,-0.0022731689837438007,1.0,0.0,0.039245667686034644,0.18705402650356778,1.0
_Population,11,m_y=0,0.39600811752160736,0.535791071051593,0.3976625206088351,0.5345138357308954,0.0,0.0,0.30910674981658104,0.18705402650356778,1.0
_Population,11,m_y=1,0.15872640387422612,0.3153912748267025,0.1917905155221814,0.28797685372212267,1.0,1.0,0.24331335761753686,0.18705402650356778,1.0
_Population,12,m_a=0,-0.2806333662378242,0.027122030955310406,-0.1845980486715793,-0.06891328661093449,1.0,0.0,-0.002549369885866487,0.19520897043832824,1.0
_Population,12,m_a=1,-0.2749941297395997,-0.13586695779425834,-0.2749941297395997,-0.13586695779425828,1.0,1.0,-0.2431213059116426,0.19520897043832824,1.0
_Population,12,m_u,-0.20700218923794705,0.06836814234701927,-0.1297345528294373,-0.008899494061490335,1.0,0.0,0.011722731906218142,0.19520897043832824,1.0
_Population,12,m_y=0,0.371497017420264,0.5184761469187881,0.37409836976309685,0.5164612911451052,0.0,0.0,0.29620973192160394,0.19520897043832824,1.0
_Population,12,m_y=1,0.13028844903626152,0.2955244868818765,0.1672901750549321,0.26475197217332513,1.0,1.0,0.2038109860583711,0.19520897043832824,1.0
_Population,13,m_a=0,-0.2609239894368478,0.0256409273118971,-0.17523913007635492,-0.06004393204859577,0.5,0.0,0.015813828279817033,0.18246687054026503,1.0
_Population,13,m_a=1,-0.30726828482726437,-0.17050278137889024,-0.30726828482726437,-0.1705027813788903,1.0,1.0,-0.2322902159612547,0.18246687054026503,1.0
_Population,13,m_u,-0.19590471484384916,0.06644497987952708,-0.1258545036235482,-0.0036052313407739234,1.0,0.0,0.0361875637104995,0.18246687054026503,1.0
_Population,13,m_y=0,0.38700879037766733,0.5309332476897894,0.38961960067057283,0.5289316730506244,0.0,0.0,0.29546388163620535,0.18246687054026503,1.0
_Population,13,m_y=1,0.1508731006092011,0.31204372420934146,0.18478206259213054,0.28408438288399684,1.0,1.0,0.24516540282790822,0.18246687054026503,1.0
_Population,14,m_a=0,-0.29038542979865767,0.013108021089373034,-0.1998040866521702,-0.07747332205711434,0.5,0.0,0.015472441791381769,0.19164118246687054,1.0
_Population,14,m_a=1,-0.24957432145646002,-0.09923335436722813,-0.24957432145646008,-0.09923335436722816,1.0,1.0,-0.21906074031722533,0.19164118246687054,1.0
_Population,14,m_u,-0.20525515884275336,0.0737566878947411,-0.13201205965568621,0.0005135887076739981,1.0,0.0,0.036187563710499485,0.19164118246687054,1.0
_Population,14,m_y=0,0.38769832357704115,0.5320921158795624,0.39032001463166366,0.5300875081656322,0.0,0.0,0.2795438295438295,0.19164118246687054,1.0
_Population,14,m_y=1,0.15779355073102655,0.3186577766623909,0.19072464651746338,0.29163390681611867,1.0,1.0,0.23069594743141902,0.19164118246687054,1.0
_Population,15,m_a=0,-0.28935122772211647,0.02487735020534465,-0.19401462831746524,-0.0704592491993066,0.5,0.0,0.007179742933013655,0.19724770642201833,1.0
_Population,15,m_a=1,-0.2432715352548248,-0.09942035535626487,-0.2432715352548249,-0.09942035535626494,1.0,1.0,-0.22367865546972499,0.19724770642201833,1.0
_Population,15,m_u,-0.20623361557391678,0.07575451261774963,-0.1297039485770677,-0.0007751543790994742,1.0,0.0,0.03363914373088686,0.19724770642201833,1.0
_Population,15,m_y=0,0.3815300762368334,0.5217715318457357,0.38371578643273296,0.5200699423226294,0.0,0.0,0.29624943900212014,0.19724770642201833,1.0
_Population,15,m_y=1,0.15705299656350036,0.31435533044586306,0.19020459417293417,0.28683912982067217,1.0,1.0,0.224515606230065,0.19724770642201833,1.0
_Population,16,m_a=0,-0.2986060964114936,0.1102146744360265,-0.16639622220616945,-0.021995199769297757,1.0,0.0,0.011896481397458275,0.18807339449541283,1.0
_Population,16,m_a=1,-0.19014762619760112,-0.02767423996476709,-0.19014762619760112,-0.02767423996476708,0.5,0.5,-0.22226284656398693,0.18807339449541283,1.0
_Population,16,m_u,-0.24058074787091932,0.11519848487397744,-0.13325838480467905,0.007876121807737141,1.0,0.0,0.028542303771661573,0.18807339449541283,1.0
_Population,16,m_y=0,0.31411742282565785,0.4472735290019394,0.31668521087548007,0.4452011327715707,0.0,0.0,0.2780678851174935,0.18807339449541283,1.0
_Population,16,m_y=1,0.14810589350998501,0.30009418328957205,0.17889045151730837,0.27415960593703326,1.0,1.0,0.22491638795986624,0.18807339449541283,1.0
_Population,17,m_a=0,-0.2972066506625082,0.08281601647785736,-0.17464040905789646,-0.039750225126754454,1.0,0.0,0.017160870019780367,0.19724770642201833,1.0
_Population,17,m_a=1,-0.23972238838715354,-0.08988627071068728,-0.2397223883871536,-0.08988627071068742,1.0,1.0,-0.2146502151004263,0.19724770642201833,1.0
_Population,17,m_u,-0.2360803212233969,0.09234943437324394,-0.13769348619706023,-0.006037400653092634,1.0,0.0,0.037206931702344556,0.19724770642201833,1.0
_Population,17,m_y=0,0.33511200842287125,0.47553507834553643,0.33726050911783256,0.47382470661282894,0.0,0.0,0.27073886757353793,0.19724770642201833,1.0
_Population,17,m_y=1,0.12937953822453502,0.2896958387802796,0.16472539863884303,0.2600103468474788,1.0,1.0,0.22456493986427467,0.19724770642201833,1.0
_Population,18,m_a=0,-0.24115347375680876,0.003139058704655917,-0.17021042188973154,-0.06780399316242128,0.0,0.0,0.013002546875970578,0.17889908256880732,1.0
_Population,18,m_a=1,-0.31587535821136886,-0.18981806281145108,-0.3158753582113688,-0.18981806281145108,0.5,0.5,-0.2313480952659578,0.17889908256880732,1.0
_Population,18,m_u,-0.17345795519481308,0.05521126814078656,-0.11525395682318298,-0.002992730230843524,1.0,0.0,0.037716615698267064,0.17889908256880732,1.0
_Population,18,m_y=0,0.40377726818388615,0.5426409089597369,0.4065717621524245,0.5404973493686003,0.0,0.0,0.29866666666666664,0.17889908256880732,1.0
_Population,18,m_y=1,0.16136252425423733,0.3150636720148392,0.19305203222117712,0.28886836110191905,1.0,1.0,0.24587458745874585,0.17889908256880732,1.0
_Population,19,m_a=0,-0.27244166775078704,0.07387054712774446,-0.1667179530272535,-0.03185316759578911,1.0,0.5,0.012298979751517142,0.18093781855249746,1.0
_Population,19,m_a=1,-0.2729220747870396,-0.12278047260131308,-0.27292207478703967,-0.1227804726013132,1.0,1.0,-0.22977587585148262,0.18093781855249746,1.0
_Population,19,m_u,-0.21608634127115411,0.09274281425790237,-0.12946835192773126,0.006124824914479493,1.0,0.0,0.04026503567787973,0.18093781855249746,1.0
_Population,19,m_y=0,0.36207737782342386,0.5070942421752722,0.3645661856388876,0.5051571791433329,0.0,0.0,0.3056093197847476,0.18093781855249746,1.0
_Population,19,m_y=1,0.1563412036629989,0.31952523379538234,0.18962739449192925,0.2921756811957352,1.0,1.0,0.2492442482611022,0.18093781855249746,1.0
x_black_65+ y.o.,0,m_a=0,-0.4273470994918064,-0.06777840450140654,-0.30482692720740806,-0.19029857678580492,0.0,0.0,0.01928553267226036,0.41646191646191644,0.03567787971457696
x_black_65+ y.o.,0,m_a=1,-0.11414403804456502,-0.014635860625316632,-0.114144038044565,-0.01463586062531664,0.5,0.5,0.0,0.41646191646191644,0.03567787971457696
x_black_65+ y.o.,0,m_u,-0.25082079414981723,-0.005526462197439241,-0.179718086627657,-0.07662916971959935,0.0,0.0,0.09950859950859951,0.41646191646191644,0.03567787971457696
x_black_65+ y.o.,0,m_y=0,0.36044399659933185,0.48924287141923595,0.36044399659933185,0.48924287141923595,0.0,0.0,0.0,0.41646191646191644,0.03567787971457696
x_black_65+ y.o.,0,m_y=1,0.005469961140701307,0.1424003323591967,0.04623341889704199,0.10612897716810876,0.5,0.5,0.10569852941176472,0.41646191646191644,0.03567787971457696
x_black_65+ y.o.,1,m_a=0,-0.41542101250698715,-0.005621014688881376,-0.28831986891606354,-0.132722158279805,0.0,0.0,0.04627116304747883,0.41482391482391484,0.03567787971457696
x_black_65+ y.o.,1,m_a=1,-0.0811326440144759,0.02288804849185322,-0.08113264401447591,0.022888048491853323,1.0,1.0,0.0,0.41482391482391484,0.03567787971457696
x_black_65+ y.o.,1,m_u,-0.22193967938939502,0.04994950739922305,-0.14776505507897073,-0.024225116911201272,0.0,0.0,0.16707616707616707,0.41482391482391484,0.03567787971457696
x_black_65+ y.o.,1,m_y=0,0.39014636394382846,0.5141196299169326,0.39014636394382846,0.5141196299169326,0.0,0.0,0.0,0.41482391482391484,0.03567787971457696
x_black_65+ y.o.,1,m_y=1,0.08875906258609634,0.2265301504117074,0.12694762271751994,0.19282700861953522,1.0,1.0,0.17857142857142855,0.41482391482391484,0.03567787971457696
x_black_65+ y.o.,2,m_a=0,-0.505672491707953,-0.07355816589274727,-0.38352768689658034,-0.1957029707041199,0.0,0.0,0.03936210847975554,0.4513888888888889,0.034658511722731905
x_black_65+ y.o.,2,m_a=1,-0.046770797932065955,0.06722325856837585,-0.046770797932066004,0.06722325856837587,0.0,0.0,0.0,0.4513888888888889,0.034658511722731905
x_black_65+ y.o.,2,m_u,-0.22431087308929742,0.050699761978186264,-0.15925059410960568,-0.014360517001505424,0.0,0.0,0.18229166666666669,0.4513888888888889,0.034658511722731905
x_black_65+ y.o.,2,m_y=0,0.45710681824572313,0.587093524661793,0.45710681824572313,0.587093524661793,0.0,0.0,0.0,0.4513888888888889,0.034658511722731905
x_black_65+ y.o.,2,m_y=1,0.12687695184976389,0.2612450424490742,0.16002133422887113,0.23265466142324254,1.0,0.5,0.1906158357771261,0.4513888888888889,0.034658511722731905
x_black_65+ y.o.,3,m_a=0,-0.6335809025460144,-0.15179143273963064,-0.4973644958361997,-0.2880078394494451,0.0,0.0,0.032539682539682535,0.5045372050816697,0.034148827726809376
x_black_65+ y.o.,3,m_a=1,0.034292532242436946,0.1553548661985038,0.03429253224243692,0.1553548661985038,0.5,0.5,0.0,0.5045372050816697,0.034148827726809376
x_black_65+ y.o.,3,m_u,-0.23615383583509925,0.05375819155197775,-0.1690164555251103,-0.013379188758011307,0.0,0.0,0.13883847549909256,0.5045372050816697,0.034148827726809376
x_black_65+ y.o.,3,m_y=0,0.4669856764050026,0.5998921180955354,0.4669856764050026,0.5998921180955354,0.0,0.0,0.0,0.5045372050816697,0.034148827726809376
x_black_65+ y.o.,3,m_y=1,0.1189118614442734,0.25340982019201086,0.15222217963181697,0.22471012816585972,0.5,0.5,0.14484126984126985,0.5045372050816697,0.034148827726809376
x_black_65+ y.o.,4,m_a=0,-0.5246196865943997,-0.12139866664797533,-0.4087759631531811,-0.23724239008919376,0.5,0.0,0.013986013986013984,0.45280764635603343,0.029561671763506627
x_black_65+ y.o.,4,m_a=1,-0.09813089590156798,0.011969033037232568,-0.0981308959015679,0.011969033037232582,0.0,0.0,0.0,0.45280764635603343,0.029561671763506627
x_black_65+ y.o.,4,m_u,-0.2517486831836855,0.006826341487150389,-0.19027166017316618,-0.05465068152336908,0.0,0.0,0.16606929510155316,0.45280764635603343,0.029561671763506627
x_black_65+ y.o.,4,m_y=0,0.4693118547012888,0.6025413035574607,0.46958367571224846,0.6027789114965195,0.0,0.0,0.0,0.45280764635603343,0.029561671763506627
x_black_65+ y.o.,4,m_y=1,0.07824187641228564,0.21368947799552507,0.11239198713585934,0.18418244232341072,0.5,0.0,0.16903225806451613,0.45280764635603343,0.029561671763506627
x_black_65+ y.o.,5,m_a=0,-0.39961581556238407,0.004838753732456902,-0.2993961504537379,-0.09538091137618931,0.5,0.0,0.012987012987012988,0.3801742919389978,0.03109072375127421
x_black_65+ y.o.,5,m_a=1,-0.16597640896933452,-0.046226855415884005,-0.16597640896933455,-0.04622685541588397,0.5,0.5,0.0,0.3801742919389978,0.03109072375127421
x_black_65+ y.o.,5,m_u,-0.23578595719271556,0.044064824295112104,-0.17353573202408207,-0.01818540087352144,0.0,0.0,0.2657952069716776,0.3801742919389978,0.03109072375127421
x_black_65+ y.o.,5,m_y=0,0.4975335538602576,0.627772877810268,0.4977555194380262,0.6279670666006087,0.0,0.0,0.0,0.3801742919389978,0.03109072375127421
x_black_65+ y.o.,5,m_y=1,0.14629627919673338,0.28586959543171275,0.17803026443541356,0.2590868430886728,0.5,0.5,0.26936026936026936,0.3801742919389978,0.03109072375127421
x_black_65+ y.o.,6,m_a=0,-0.49518078448592795,-0.06693633652757397,-0.37182657015754855,-0.1902905508559533,0.5,0.0,0.018750000000000003,0.41434927697441604,0.03058103975535168
x_black_65+ y.o.,6,m_a=1,-0.039577526468182134,0.07583892919402663,-0.0395775264681821,0.07583892919402677,0.0,0.0,0.0,0.41434927697441604,0.03058103975535168
x_black_65+ y.o.,6,m_u,-0.2101243822412157,0.07664273596757826,-0.13668866755810022,0.0032070212844628188,0.0,0.0,0.18298109010011124,0.41434927697441604,0.03058103975535168
x_black_65+ y.o.,6,m_y=0,0.45304936254820694,0.5886895237386336,0.45326899156644374,0.5888731466423539,0.0,0.0,0.0,0.41434927697441604,0.03058103975535168
x_black_65+ y.o.,6,m_y=1,0.13629775367402233,0.2837099019779956,0.17534492899946894,0.24989140248026342,1.0,0.5,0.18620689655172412,0.41434927697441604,0.03058103975535168
x_black_65+ y.o.,7,m_a=0,-0.442420082200368,-0.008384277558139142,-0.3182597603350997,-0.13254459942340746,0.0,0.0,0.050021786492374716,0.37369337979094075,0.04230377166156983
x_black_65+ y.o.,7,m_a=1,-0.11054375810388767,0.01675876269121168,-0.1105437581038877,0.016758762691211702,1.0,1.0,0.0,0.37369337979094075,0.04230377166156983
x_black_65+ y.o.,7,m_u,-0.2493348001285216,0.05653572928067013,-0.17156793352457977,-0.02123113732327153,0.0,0.0,0.21660859465737514,0.37369337979094075,0.04230377166156983
x_black_65+ y.o.,7,m_y=0,0.44295395657288683,0.5800802843964545,0.44295395657288683,0.5800802843964545,0.0,0.0,0.0,0.37369337979094075,0.04230377166156983
x_black_65+ y.o.,7,m_y=1,0.12583749378195797,0.2744779870063342,0.16223782057551928,0.24351446689789563,1.0,1.0,0.23026315789473684,0.37369337979094075,0.04230377166156983
x_black_65+ y.o.,8,m_a=0,-0.580527247872008,-0.16011293759321754,-0.4714995189440814,-0.26914066652114416,0.0,0.0,0.040321769733534435,0.44393939393939397,0.03211009174311927
x_black_65+ y.o.,8,m_a=1,0.0035954067507965037,0.13538483155711023,0.003595406750796509,0.13538483155711017,0.5,0.5,0.0,0.44393939393939397,0.03211009174311927
x_black_65+ y.o.,8,m_u,-0.22440111060500645,0.06379504999894592,-0.1634374264087249,0.0028313658026642985,0.0,0.0,0.18787878787878787,0.44393939393939397,0.03211009174311927
x_black_65+ y.o.,8,m_y=0,0.5325661594641871,0.662015716847528,0.5325661594641871,0.662015716847528,0.0,0.0,0.0,0.44393939393939397,0.03211009174311927
x_black_65+ y.o.,8,m_y=1,0.1678987658736015,0.3046303144054071,0.19904633459955456,0.2783013474438702,1.0,0.5,0.19642857142857145,0.44393939393939397,0.03211009174311927
x_black_65+ y.o.,9,m_a=0,-0.47474442714919196,-0.06320150932038854,-0.35021095754258,-0.18773497892700064,0.0,0.0,0.04166666666666666,0.40198511166253104,0.0290519877675841
x_black_65+ y.o.,9,m_a=1,-0.11289286721353292,0.014442044521982611,-0.1128928672135329,0.014442044521982517,0.5,0.5,0.0,0.40198511166253104,0.0290519877675841
x_black_65+ y.o.,9,m_u,-0.28579118034057593,0.002912768429906065,-0.21133259506035693,-0.07154581685031305,0.0,0.0,0.15446650124069478,0.40198511166253104,0.0290519877675841
x_black_65+ y.o.,9,m_y=0,0.4174296552637108,0.5489979983052288,0.4176200609278958,0.5491643351673786,0.0,0.0,0.0,0.40198511166253104,0.0290519877675841
x_black_65+ y.o.,9,m_y=1,0.05718861976127165,0.19800276587253543,0.09294930630484652,0.16714103332794752,0.5,0.5,0.1648351648351648,0.40198511166253104,0.0290519877675841
x_black_65+ y.o.,10,m_a=0,-0.562564003338989,-0.1509487382839706,-0.4723048259607173,-0.24120791566224226,0.0,0.0,0.02923976608187135,0.4813519813519813,0.030071355759429153
x_black_65+ y.o.,10,m_a=1,-0.05435121803474696,0.06268848775800517,-0.05435121803474694,0.06268848775800523,0.5,0.5,0.0,0.4813519813519813,0.030071355759429153
x_black_65+ y.o.,10,m_u,-0.21727490946014827,0.04128423346947219,-0.1710743224303465,-0.004916353560329462,0.0,0.0,0.22843822843822842,0.4813519813519813,0.030071355759429153
x_black_65+ y.o.,10,m_y=0,0.5821098057735113,0.702348421381568,0.5823603468111058,0.7025676000469028,0.0,0.0,0.0,0.4813519813519813,0.030071355759429153
x_black_65+ y.o.,10,m_y=1,0.17465082242518667,0.29776464823780113,0.20008071510516323,0.27633214504326997,1.0,1.0,0.23317307692307693,0.4813519813519813,0.030071355759429153
x_black_65+ y.o.,11,m_a=0,-0.5733348301319698,-0.14151999595418618,-0.4563290706879069,-0.25852575539824924,0.0,0.0,0.035416666666666666,0.4797297297297297,0.035168195718654434
x_black_65+ y.o.,11,m_a=1,-0.025906941893829416,0.0933173414643993,-0.02590694189382934,0.09331734146439935,0.5,0.5,0.0,0.4797297297297297,0.035168195718654434
x_black_65+ y.o.,11,m_u,-0.24062050066000684,0.03453941957892587,-0.17920496434395383,-0.026876116737127226,0.0,0.0,0.16131756756756757,0.4797297297297297,0.035168195718654434
x_black_65+ y.o.,11,m_y=0,0.49931286655950624,0.63148499931359,0.49931286655950624,0.63148499931359,0.0,0.0,0.0,0.4797297297297297,0.035168195718654434
x_black_65+ y.o.,11,m_y=1,0.1117884674394195,0.24680499702861702,0.14406058853535425,0.219138688677873,1.0,0.5,0.16820276497695852,0.4797297297297297,0.035168195718654434
x_black_65+ y.o.,12,m_a=0,-0.5096469800653929,-0.09162344309991727,-0.39531592410168126,-0.20595449906362875,0.0,0.0,0.06072245831971233,0.4082532051282051,0.03618756371049949
x_black_65+ y.o.,12,m_a=1,-0.05379526647328858,0.07716964375497137,-0.053795266473288604,0.07716964375497136,1.0,1.0,0.0,0.4082532051282051,0.03618756371049949
x_black_65+ y.o.,12,m_u,-0.2469380011468374,0.04501492422376052,-0.17928093309607449,-0.022642143827002442,0.0,0.0,0.1935096153846154,0.4082532051282051,0.03618756371049949
x_black_65+ y.o.,12,m_y=0,0.48316874466202087,0.6160924604014942,0.48316874466202087,0.6160924604014942,0.0,0.0,0.0,0.4082532051282051,0.03618756371049949
x_black_65+ y.o.,12,m_y=1,0.1357662330933054,0.27676777043332207,0.16886381049525048,0.24869089759245494,1.0,1.0,0.20833333333333337,0.4082532051282051,0.03618756371049949
x_black_65+ y.o.,13,m_a=0,-0.48694628873514284,-0.09231752396850162,-0.3600545037936259,-0.21920930891001855,0.0,0.0,0.015581232492997199,0.4255514705882353,0.03363914373088685
x_black_65+ y.o.,13,m_a=1,-0.03579453984103792,0.0791113473164693,-0.03579453984103786,0.0791113473164694,0.5,0.5,0.0,0.4255514705882353,0.03363914373088685
x_black_65+ y.o.,13,m_u,-0.24211084327116672,0.02703731385940189,-0.16993242091281227,-0.04514110849895242,0.0,0.0,0.11856617647058823,0.4255514705882353,0.03363914373088685
x_black_65+ y.o.,13,m_y=0,0.4049670322454022,0.5386680561980386,0.4049670322454022,0.5386680561980386,0.0,0.0,0.0,0.4255514705882353,0.03363914373088685
x_black_65+ y.o.,13,m_y=1,0.06877074309540152,0.2091304468774195,0.10713483787725712,0.17558799913917614,1.0,0.5,0.12272727272727271,0.4255514705882353,0.03363914373088685
x_black_65+ y.o.,14,m_a=0,-0.5174533302567484,-0.13652476635214933,-0.41358119848758323,-0.2403968981213146,0.0,0.0,0.009049773755656108,0.44932079414838033,0.03160040774719674
x_black_65+ y.o.,14,m_a=1,-0.06794982864060684,0.04919692916813745,-0.06794982864060678,0.04919692916813752,1.0,1.0,0.0,0.44932079414838033,0.03160040774719674
x_black_65+ y.o.,14,m_u,-0.24100841909324516,0.016348022019054886,-0.184254680367641,-0.04040571670654916,0.0,0.0,0.16405433646812959,0.44932079414838033,0.03160040774719674
x_black_65+ y.o.,14,m_y=0,0.4880322277073714,0.6176897124107863,0.48826932101397325,0.6178972266680749,0.0,0.0,0.0,0.44932079414838033,0.03160040774719674
x_black_65+ y.o.,14,m_y=1,0.101205399430742,0.23339260953816754,0.1326050212957541,0.20644366835702616,1.0,1.0,0.16594827586206898,0.44932079414838033,0.03160040774719674
x_black_65+ y.o.,15,m_a=0,-0.4750407022348183,-0.10344627432080827,-0.37973365184232877,-0.19875332471329793,0.0,0.0,0.04365079365079365,0.46256684491978606,0.034148827726809376
x_black_65+ y.o.,15,m_a=1,-0.06555683559643849,0.03746127307078995,-0.06555683559643846,0.03746127307079009,1.0,1.0,0.0,0.46256684491978606,0.034148827726809376
x_black_65+ y.o.,15,m_u,-0.1927582253792518,0.04480813625269198,-0.14167408818923227,-0.006276000937327442,0.0,0.0,0.19518716577540107,0.46256684491978606,0.034148827726809376
x_black_65+ y.o.,15,m_y=0,0.5252717100404966,0.6547254461544485,0.5252717100404966,0.6547254461544485,0.0,0.0,0.0,0.46256684491978606,0.034148827726809376
x_black_65+ y.o.,15,m_y=1,0.14008061177854703,0.26835195894406166,0.17135986593295846,0.2413791530427494,1.0,1.0,0.20312499999999997,0.46256684491978606,0.034148827726809376
x_black_65+ y.o.,16,m_a=0,-0.49492981491151483,-0.09369260548286956,-0.36765192245594314,-0.2209704979384412,0.0,0.0,0.003921568627450977,0.4463946869070209,0.033129459734964326
x_black_65+ y.o.,16,m_a=1,-0.062372748438440206,0.046640107084077065,-0.062372748438440186,0.04664010708407698,1.0,1.0,0.0,0.4463946869070209,0.033129459734964326
x_black_65+ y.o.,16,m_u,-0.2556125269860229,0.008933210097977373,-0.18524268571550156,-0.06143663117254396,0.0,0.0,0.1204933586337761,0.4463946869070209,0.033129459734964326
x_black_65+ y.o.,16,m_y=0,0.40585250556862595,0.5343373212916404,0.40607585616764075,0.5345334311767613,0.0,0.0,0.0,0.4463946869070209,0.033129459734964326
x_black_65+ y.o.,16,m_y=1,0.050419712430300856,0.18546797793608075,0.087381491119228,0.15296817590024028,1.0,1.0,0.1215686274509804,0.4463946869070209,0.033129459734964326
x_black_65+ y.o.,17,m_a=0,-0.450482373726449,-0.004993290356490543,-0.3339315981289508,-0.12154406595398887,0.0,0.0,0.07334244702665756,0.40630252100840336,0.035168195718654434
x_black_65+ y.o.,17,m_a=1,-0.13046901158650237,-0.004939399225528385,-0.13046901158650237,-0.0049393992255284055,0.5,0.5,0.0,0.40630252100840336,0.035168195718654434
x_black_65+ y.o.,17,m_u,-0.25090116844712135,0.04753982390930622,-0.18298368733301937,-0.020377657204795757,0.0,0.0,0.24495798319327733,0.40630252100840336,0.035168195718654434
x_black_65+ y.o.,17,m_y=0,0.49039631459737304,0.6257442176042091,0.49039631459737304,0.6257442176042091,0.0,0.0,0.0,0.40630252100840336,0.035168195718654434
x_black_65+ y.o.,17,m_y=1,0.13495175573609483,0.2797821430794286,0.16860416899484532,0.25141454345868935,0.5,0.5,0.2599431818181818,0.40630252100840336,0.035168195718654434
x_black_65+ y.o.,18,m_a=0,-0.619501081791062,-0.1590648099363861,-0.46385273355070883,-0.31471315817673934,0.5,0.0,0.0,0.46904761904761905,0.029561671763506624
x_black_65+ y.o.,18,m_a=1,-0.06079054629594616,0.05236251750552412,-0.06079054629594612,0.05236251750552406,0.0,0.0,0.0,0.46904761904761905,0.029561671763506624
x_black_65+ y.o.,18,m_u,-0.30048729936437674,-0.013798414921337432,-0.21977270485418526,-0.094513009431529,0.0,0.0,0.08333333333333333,0.46904761904761905,0.029561671763506624
x_black_65+ y.o.,18,m_y=0,0.38752921882471036,0.5205382085355812,0.3879247434709234,0.5208788367660522,0.0,0.0,0.0,0.46904761904761905,0.029561671763506624
x_black_65+ y.o.,18,m_y=1,0.015086574248021234,0.15539134467829024,0.055046373961152736,0.12015927302727966,1.0,0.0,0.08333333333333333,0.46904761904761905,0.029561671763506624
x_black_65+ y.o.,19,m_a=0,-0.4902074411340748,-0.08182440584392925,-0.3696797857236357,-0.20235206125436841,0.0,0.0,0.051044891640866875,0.42842842842842843,0.03261977573904179
x_black_65+ y.o.,19,m_a=1,-0.05455003350756821,0.05914050653835412,-0.05455003350756832,0.059140506538354044,1.0,1.0,0.0,0.42842842842842843,0.03261977573904179
x_black_65+ y.o.,19,m_u,-0.22212497016981414,0.049952797997642184,-0.15444069759639167,-0.017731474575780504,0.0,0.0,0.17017017017017017,0.42842842842842843,0.03261977573904179
x_black_65+ y.o.,19,m_y=0,0.45075677899990074,0.5857128742519782,0.45075677899990074,0.5857128742519782,0.0,0.0,0.0,0.42842842842842843,0.03261977573904179
x_black_65+ y.o.,19,m_y=1,0.1188496054575949,0.259682422996277,0.1552451425372355,0.22829663587095506,1.0,1.0,0.18285714285714288,0.42842842842842843,0.03261977573904179
x_black_<65 y.o.,0,m_a=0,-0.2997807104395983,0.020433559674004842,-0.20595914384213296,-0.07338800692346054,0.5,0.0,0.04404223227752643,0.20367183017785429,0.08511722731906218
x_black_<65 y.o.,0,m_a=1,-0.22542230711564942,-0.07482024160830264,-0.2254223071156496,-0.07482024160830272,0.5,0.5,-0.09650528565002242,0.20367183017785429,0.08511722731906218
x_black_<65 y.o.,0,m_u,-0.21039799251572383,0.07858502636540832,-0.13542040458707655,0.003607438436760979,0.0,0.0,0.13776534710269653,0.20367183017785429,0.08511722731906218
x_black_<65 y.o.,0,m_y=0,0.39026960705811264,0.5353793323140348,0.3941165528553772,0.532441481085653,0.0,0.0,0.22,0.20367183017785429,0.08511722731906218
x_black_<65 y.o.,0,m_y=1,0.1637659856424,0.3236499173622147,0.1959692386701516,0.2972793972814522,1.0,1.0,0.27105192359429653,0.20367183017785429,0.08511722731906218
x_black_<65 y.o.,1,m_a=0,-0.27870289002358517,0.028490811983345715,-0.19053201648967216,-0.05968006155056723,0.5,0.0,0.03460505417027157,0.17261904761904762,0.0856269113149847
x_black_<65 y.o.,1,m_a=1,-0.32412492501532486,-0.18486639226177004,-0.32412492501532497,-0.18486639226177012,0.5,0.5,-0.16228070175438591,0.17261904761904762,0.0856269113149847
x_black_<65 y.o.,1,m_u,-0.2042356707779106,0.07328328982552967,-0.13165903179027,0.0007066508378890668,0.0,0.0,0.1488095238095238,0.17261904761904762,0.0856269113149847
x_black_<65 y.o.,1,m_y=0,0.4282843997235648,0.5687911169044093,0.4282843997235648,0.5687911169044093,0.0,0.0,0.2954545454545454,0.17261904761904762,0.0856269113149847
x_black_<65 y.o.,1,m_y=1,0.1947748014407038,0.35268333103098726,0.22521060304900425,0.3277062721057744,1.0,0.5,0.3064516129032258,0.17261904761904762,0.0856269113149847
x_black_<65 y.o.,2,m_a=0,-0.28020296106460363,0.11083447585100153,-0.15356282207315047,-0.015805663140451474,1.0,0.0,0.06703833447254498,0.18915915545129028,0.09174311926605505
x_black_<65 y.o.,2,m_a=1,-0.11276602438292033,0.04769751162851599,-0.11276602438292033,0.047697511628515946,1.0,1.0,-0.035512052488945844,0.18915915545129028,0.09174311926605505
x_black_<65 y.o.,2,m_u,-0.21592436735431303,0.12677755910638117,-0.11312438118964117,0.023977572941709324,0.0,0.0,0.14983331275466105,0.18915915545129028,0.09174311926605505
x_black_<65 y.o.,2,m_y=0,0.29310340900992526,0.42279810766495773,0.29870415677831796,0.41823294428410374,0.0,0.0,0.14787798408488062,0.18915915545129028,0.09174311926605505
x_black_<65 y.o.,2,m_y=1,0.1657373814617919,0.3105568208912063,0.19339266188965973,0.28718400756361695,1.0,1.0,0.2800819252432155,0.18915915545129028,0.09174311926605505
x_black_<65 y.o.,3,m_a=0,-0.28036633860512655,0.048705479299782334,-0.17881631765714742,-0.052844541648196866,1.0,0.0,-0.017930280724436892,0.21703296703296704,0.08919469928644241
x_black_<65 y.o.,3,m_a=1,-0.30379815359853213,-0.16524741794038927,-0.30379815359853213,-0.16524741794038933,0.5,0.5,-0.19931077694235588,0.21703296703296704,0.08919469928644241
x_black_<65 y.o.,3,m_u,-0.2348647421828003,0.0507988081168661,-0.15540479124019335,-0.028661142825740754,0.5,0.0,0.04578754578754579,0.21703296703296704,0.08919469928644241
x_black_<65 y.o.,3,m_y=0,0.36050769899672774,0.49995879314190517,0.3622042302566054,0.49862432633991766,0.0,0.0,0.3404761904761905,0.21703296703296704,0.08919469928644241
x_black_<65 y.o.,3,m_y=1,0.0929136206746772,0.24958556144446695,0.12817008887213613,0.2200272510758036,1.0,0.5,0.20179547228727557,0.21703296703296704,0.08919469928644241
x_black_<65 y.o.,4,m_a=0,-0.2962193675517436,0.08127626042148994,-0.1736780617453033,-0.04126504538495042,1.0,0.0,0.008070442877344375,0.20700280112044817,0.08613659531090723
x_black_<65 y.o.,4,m_a=1,-0.2331544937702033,-0.07924751140033132,-0.23315449377020336,-0.07924751140033139,1.0,1.0,-0.16198308270676687,0.20700280112044817,0.08613659531090723
x_black_<65 y.o.,4,m_u,-0.22270241084402198,0.10421501588603882,-0.12566244330058288,0.007175048342599702,1.0,0.0,0.05917366946778713,0.20700280112044817,0.08613659531090723
x_black_<65 y.o.,4,m_y=0,0.31745928503444965,0.4791995926629181,0.3224794383522417,0.4753339575133658,0.0,0.0,0.2596153846153846,0.20700280112044817,0.08613659531090723
x_black_<65 y.o.,4,m_y=1,0.11323659850553458,0.2964239938893851,0.15638497919990196,0.2607951326073301,1.0,1.0,0.2087114337568058,0.20700280112044817,0.08613659531090723
x_black_<65 y.o.,5,m_a=0,-0.2993650909188804,0.031257107365715325,-0.19884157140666647,-0.06926641214649865,0.5,0.0,0.022403481170712253,0.2498452012383901,0.09174311926605505
x_black_<65 y.o.,5,m_a=1,-0.2292172275028927,-0.08831560804508665,-0.22921722750289278,-0.0883156080450867,1.0,1.0,-0.1193975630565775,0.2498452012383901,0.09174311926605505
x_black_<65 y.o.,5,m_u,-0.2143441751702006,0.06883333925688795,-0.13889545041432466,-0.006615385498987991,0.0,0.0,0.0780185758513932,0.2498452012383901,0.09174311926605505
x_black_<65 y.o.,5,m_y=0,0.356462719739042,0.5154071456269972,0.36297695236532074,0.510461790562731,0.0,0.0,0.23901098901098902,0.2498452012383901,0.09174311926605505
x_black_<65 y.o.,5,m_y=1,0.10255301100179223,0.2745680749674878,0.14305526273960234,0.24116592712624774,1.0,1.0,0.21363521376169997,0.2498452012383901,0.09174311926605505
x_black_<65 y.o.,6,m_a=0,-0.27744600942930125,0.1017911552327512,-0.14846671420034285,-0.02718813999620718,1.0,0.5,-0.02856396477086129,0.16145833333333331,0.08970438328236494
x_black_<65 y.o.,6,m_a=1,-0.29181992738007534,-0.12413901840793423,-0.2918199273800753,-0.1241390184079342,0.0,0.0,-0.24727767695099817,0.16145833333333331,0.08970438328236494
x_black_<65 y.o.,6,m_u,-0.24119500034028205,0.10161166700694862,-0.13349624423068088,-0.00608708910265246,1.0,0.5,0.01145833333333332,0.16145833333333331,0.08970438328236494
x_black_<65 y.o.,6,m_y=0,0.2793955327410221,0.4229407730652346,0.282218805431359,0.4206392234792343,0.5,0.5,0.3054298642533937,0.16145833333333331,0.08970438328236494
x_black_<65 y.o.,6,m_y=1,0.09406650795229146,0.25772746006930386,0.12881346225628593,0.2287218417349732,1.0,0.5,0.17323775388291518,0.16145833333333331,0.08970438328236494
x_black_<65 y.o.,7,m_a=0,-0.2606491021840158,0.09835263940237932,-0.15363904094348757,-0.008657421838149024,1.0,0.0,0.04591346437958507,0.16079513299377476,0.08613659531090723
x_black_<65 y.o.,7,m_a=1,-0.33813490150597747,-0.19059017593502792,-0.33813490150597747,-0.19059017593502786,0.5,0.5,-0.17631917631917626,0.16079513299377476,0.08613659531090723
x_black_<65 y.o.,7,m_u,-0.20035056117884714,0.11786612428014881,-0.11055083887780726,0.028066401979108882,0.0,0.0,0.14346349745331072,0.16079513299377476,0.08613659531090723
x_black_<65 y.o.,7,m_y=0,0.3737487523172506,0.5307382674121656,0.3737487523172506,0.5307382674121656,0.0,0.0,0.2845117845117845,0.16079513299377476,0.08613659531090723
x_black_<65 y.o.,7,m_y=1,0.18516707019497036,0.3658496174395326,0.22239722760964417,0.3357009017497896,1.0,0.5,0.31818181818181823,0.16079513299377476,0.08613659531090723
x_black_<65 y.o.,8,m_a=0,-0.25740812174396455,0.02528278201797013,-0.17365654000608666,-0.05846879971990773,0.5,0.0,0.014450019158923244,0.17934782608695654,0.09378185524974515
x_black_<65 y.o.,8,m_a=1,-0.3263233194658437,-0.19012476829849517,-0.3263233194658436,-0.19012476829849512,0.5,0.5,-0.17681642681642684,0.17934782608695654,0.09378185524974515
x_black_<65 y.o.,8,m_u,-0.19364645426405575,0.06321167165536001,-0.12574124874690554,-0.004693533861790111,0.0,0.0,0.08695652173913042,0.17934782608695654,0.09378185524974515
x_black_<65 y.o.,8,m_y=0,0.3949275599414801,0.542419008161755,0.39698156268781104,0.5408419939764515,0.0,0.0,0.2915601023017903,0.17934782608695654,0.09378185524974515
x_black_<65 y.o.,8,m_y=1,0.14605629698606673,0.3110000504944891,0.18089412555502749,0.28250428769934643,1.0,1.0,0.25249875062468763,0.17934782608695654,0.09378185524974515
x_black_<65 y.o.,9,m_a=0,-0.2493937887130607,-0.014042367492920343,-0.17756557284478153,-0.08587058336119949,0.0,0.0,0.030909623683932352,0.1935298180980889,0.09531090723751273
x_black_<65 y.o.,9,m_a=1,-0.2669809016512323,-0.13462214045560583,-0.2669809016512322,-0.13462214045560586,0.5,0.5,-0.10359943977591052,0.1935298180980889,0.09531090723751273
x_black_<65 y.o.,9,m_u,-0.1788923780393693,0.0432718392413034,-0.12144407615875355,-0.014176462639312326,0.0,0.0,0.10096707345153119,0.1935298180980889,0.09531090723751273
x_black_<65 y.o.,9,m_y=0,0.3712507738726578,0.5107005738902297,0.3752971404960783,0.5075753531385667,0.0,0.0,0.18318965517241378,0.1935298180980889,0.09531090723751273
x_black_<65 y.o.,9,m_y=1,0.12508127776254466,0.2769933643681447,0.15754186986184374,0.24988768323320706,1.0,0.5,0.22248803827751196,0.1935298180980889,0.09531090723751273
x_black_<65 y.o.,10,m_a=0,-0.3561435503856738,0.0074784439531283,-0.2373278863368495,-0.11133722009569597,0.5,0.0,-0.013741302972802016,0.2780590196320534,0.09174311926605505
x_black_<65 y.o.,10,m_a=1,-0.12514793487053938,0.024548974323845174,-0.12514793487053938,0.024548974323845077,0.5,0.5,-0.11492629753499328,0.2780590196320534,0.09174311926605505
x_black_<65 y.o.,10,m_u,-0.2524117777376841,0.05189319519662966,-0.16597182304707453,-0.03454675949397992,0.5,0.0,0.03870848252870725,0.2780590196320534,0.09174311926605505
x_black_<65 y.o.,10,m_y=0,0.3277372714714005,0.4619318217310219,0.3322803035090781,0.45830910516761103,0.0,0.0,0.23904761904761906,0.2780590196320534,0.09174311926605505
x_black_<65 y.o.,10,m_y=1,0.07221715145914542,0.21894401769231386,0.10671460574629,0.1894726730888927,1.0,1.0,0.13480392156862744,0.2780590196320534,0.09174311926605505
x_black_<65 y.o.,11,m_a=0,-0.2575658315396914,0.016672740194052182,-0.17541799764891092,-0.06547509369672833,0.5,0.0,0.010998535366589096,0.19121863799283154,0.09327217125382263
x_black_<65 y.o.,11,m_a=1,-0.3063967707189168,-0.1696828693728758,-0.3063967707189168,-0.16968286937287574,1.0,1.0,-0.18308823529411766,0.19121863799283154,0.09327217125382263
x_black_<65 y.o.,11,m_u,-0.19729319038647852,0.05535770651551075,-0.13085583391855538,-0.011079649952412368,0.0,0.0,0.0711469534050179,0.19121863799283154,0.09327217125382263
x_black_<65 y.o.,11,m_y=0,0.3781196219133391,0.5184350216719439,0.3801454576220084,0.5169267201214678,0.0,0.0,0.28287841191067,0.19121863799283154,0.09327217125382263
x_black_<65 y.o.,11,m_y=1,0.12993290661474455,0.28682341153951907,0.16329332448449843,0.259189795889318,1.0,1.0,0.23159625600809508,0.19121863799283154,0.09327217125382263
x_black_<65 y.o.,12,m_a=0,-0.29705067916149724,0.030705894711515386,-0.19393110406555447,-0.07241368038442737,0.5,0.0,0.004736889121532389,0.21286997885835096,0.08868501529051988
x_black_<65 y.o.,12,m_a=1,-0.2893993113736499,-0.14221118628209034,-0.2893993113736498,-0.14221118628209029,0.5,0.5,-0.15151471691452284,0.21286997885835096,0.08868501529051988
x_black_<65 y.o.,12,m_u,-0.2418711382297566,0.04657515514307575,-0.16078344498716834,-0.034512538099512394,0.5,0.0,0.06368921775898521,0.21286997885835096,0.08868501529051988
x_black_<65 y.o.,12,m_y=0,0.3425472015132962,0.48812516769747993,0.34682230329454034,0.4847825580035969,0.0,0.0,0.26,0.21286997885835096,0.08868501529051988
x_black_<65 y.o.,12,m_y=1,0.0746494302226155,0.23676995173275725,0.11223304622238757,0.20536801703027885,1.0,1.0,0.19463960447567008,0.21286997885835096,0.08868501529051988
x_black_<65 y.o.,13,m_a=0,-0.24347129094496492,0.04384300099766816,-0.1601317954166845,-0.03949649453061241,0.5,0.0,0.06228780211338353,0.18835743418613277,0.09174311926605505
x_black_<65 y.o.,13,m_a=1,-0.3237954811830151,-0.1898195414687891,-0.32379548118301504,-0.18981954146878915,0.0,0.0,-0.12798945812424622,0.18835743418613277,0.09174311926605505
x_black_<65 y.o.,13,m_u,-0.19184697437063172,0.0698595809705575,-0.1246296794503116,0.0026422860502374607,0.0,0.0,0.128476084538376,0.18835743418613277,0.09174311926605505
x_black_<65 y.o.,13,m_y=0,0.38396734471212013,0.528143262540904,0.3879529873386943,0.5251194830443605,0.0,0.0,0.24047619047619045,0.18835743418613277,0.09174311926605505
x_black_<65 y.o.,13,m_y=1,0.15394308603470822,0.31587750069147114,0.18728490395894,0.2885234467512911,1.0,0.0,0.3072874493927126,0.18835743418613277,0.09174311926605505
x_black_<65 y.o.,14,m_a=0,-0.2524367690512988,0.019386909852716683,-0.17097912749357233,-0.06207073170500979,0.5,0.0,0.011164633428784432,0.22372991749891447,0.09785932721712538
x_black_<65 y.o.,14,m_a=1,-0.27297266536251397,-0.14531323881798586,-0.27297266536251397,-0.1453132388179858,0.5,0.5,-0.1384941675503712,0.22372991749891447,0.09785932721712538
x_black_<65 y.o.,14,m_u,-0.19381912761547465,0.0483566873202077,-0.13062377871496295,-0.014838661580304086,0.5,0.0,0.07207989578810249,0.22372991749891447,0.09785932721712538
x_black_<65 y.o.,14,m_y=0,0.3531011092013424,0.4974463262208478,0.3588996137644993,0.49295581521517684,0.0,0.0,0.25636363636363635,0.22372991749891447,0.09785932721712538
x_black_<65 y.o.,14,m_y=1,0.10313019711166974,0.2598259698389575,0.13845355824392577,0.23035940885591516,1.0,1.0,0.2147990119020885,0.22372991749891447,0.09785932721712538
x_black_<65 y.o.,15,m_a=0,-0.2619897093762818,0.09496676572079021,-0.14037375448195102,-0.026649189173540585,1.0,0.5,0.006157700922516246,0.21650821089023337,0.09174311926605505
x_black_<65 y.o.,15,m_a=1,-0.21744262171889783,-0.07764676137516613,-0.21744262171889794,-0.0776467613751661,0.5,0.5,-0.07299498746867161,0.21650821089023337,0.09174311926605505
x_black_<65 y.o.,15,m_u,-0.22491662568851606,0.08057781842836054,-0.12971864495691865,-0.014620162303236914,0.0,0.0,0.09439436967526856,0.21650821089023337,0.09174311926605505
x_black_<65 y.o.,15,m_y=0,0.25769686332861985,0.3917576441019809,0.26483293920186013,0.3859230497916654,0.5,0.5,0.2149122807017544,0.21650821089023337,0.09174311926605505
x_black_<65 y.o.,15,m_y=1,0.07514542750353101,0.22638867506904126,0.11108924469549566,0.19560528890696352,1.0,0.5,0.18987206823027716,0.21650821089023337,0.09174311926605505
x_black_<65 y.o.,16,m_a=0,-0.34494761680897934,0.07177551456038522,-0.21043273742035673,-0.06273936482823744,1.0,0.0,-0.00338653948811804,0.24859904735219948,0.08613659531090723
x_black_<65 y.o.,16,m_a=1,-0.10498471385004854,0.054581430339280756,-0.10498471385004854,0.05458143033928075,0.0,0.0,-0.15993999225706546,0.24859904735219948,0.08613659531090723
x_black_<65 y.o.,16,m_u,-0.24448335378234437,0.10284704108971349,-0.1434283743911129,0.0017920616984819504,1.0,0.0,0.030120481927710843,0.24859904735219948,0.08613659531090723
x_black_<65 y.o.,16,m_y=0,0.3141776823217795,0.4492689948609559,0.3189176496893203,0.4454615103941506,0.0,0.0,0.2628205128205128,0.24859904735219948,0.08613659531090723
x_black_<65 y.o.,16,m_y=1,0.1286577673709883,0.28067637708169213,0.1622300397525248,0.25226946222817154,1.0,1.0,0.17700501253132833,0.24859904735219948,0.08613659531090723
x_black_<65 y.o.,17,m_a=0,-0.2986059890770635,0.08286540700227973,-0.18253008942165774,-0.03321049265312612,1.0,0.0,0.015119499442473955,0.17983512999365886,0.09072375127420998
x_black_<65 y.o.,17,m_a=1,-0.2564042703703861,-0.09280118748306193,-0.25640427037038604,-0.09280118748306196,1.0,1.0,-0.19128420599008833,0.17983512999365886,0.09072375127420998
x_black_<65 y.o.,17,m_u,-0.2427325610391603,0.09675919388633847,-0.14751707161549216,0.0015437044626703533,0.5,0.0,0.08655675332910591,0.17983512999365886,0.09072375127420998
x_black_<65 y.o.,17,m_y=0,0.36631093063031284,0.505504077849335,0.3676361077159338,0.5044363721807038,0.0,0.0,0.30368906455862976,0.17983512999365886,0.09072375127420998
x_black_<65 y.o.,17,m_y=1,0.16249272390123054,0.3196414638668721,0.19274138771189284,0.29474461754926906,1.0,1.0,0.2626344086021505,0.17983512999365886,0.09072375127420998
x_black_<65 y.o.,18,m_a=0,-0.20826382336066265,0.02530966250921987,-0.14309803803340881,-0.03985612281803399,1.0,0.0,0.01670849245317338,0.17741711749202385,0.08664627930682978
x_black_<65 y.o.,18,m_a=1,-0.346779857326735,-0.2248693114352081,-0.34677985732673505,-0.2248693114352081,0.0,0.0,-0.15985485103132158,0.17741711749202385,0.08664627930682978
x_black_<65 y.o.,18,m_u,-0.171327422941852,0.048980356774561085,-0.11761171961697,-0.00473534655032086,0.0,0.0,0.09099736440560412,0.17741711749202385,0.08664627930682978
x_black_<65 y.o.,18,m_y=0,0.3916635201564896,0.5306169378549739,0.39504814229544843,0.5280893103431952,0.0,0.0,0.3045977011494253,0.17741711749202385,0.08664627930682978
x_black_<65 y.o.,18,m_y=1,0.14366725882279704,0.29463805715016245,0.17386697233884876,0.2696900363503138,0.5,0.5,0.2710526315789474,0.17741711749202385,0.08664627930682978
x_black_<65 y.o.,19,m_a=0,-0.26290525760619987,0.1239660984509553,-0.1355685137099627,-0.003370645445281881,1.0,0.0,0.03297147663413197,0.1878638602776534,0.08358817533129459
x_black_<65 y.o.,19,m_a=1,-0.2347178814752185,-0.07673448084493473,-0.23471788147521844,-0.0767344808449347,1.0,1.0,-0.1094822457301235,0.1878638602776534,0.08358817533129459
x_black_<65 y.o.,19,m_u,-0.21778780181716678,0.12135549848831173,-0.11429680573746943,0.017864502408614383,0.5,0.0,0.10941931631586804,0.1878638602776534,0.08358817533129459
x_black_<65 y.o.,19,m_y=0,0.2787718143429506,0.4277347934128825,0.28340074476618926,0.4241041075731623,0.0,0.0,0.20833333333333331,0.1878638602776534,0.08358817533129459
x_black_<65 y.o.,19,m_y=1,0.12056862298820717,0.29169064262583944,0.1582383761924646,0.26040680204265787,1.0,0.5,0.2416891284815813,0.1878638602776534,0.08358817533129459
x_white_65+ y.o.,0,m_a=0,-0.40598752449346737,-0.03289652513813085,-0.27915510981019853,-0.15972893982139957,0.5,0.0,-0.02126544106329844,0.3150653181626633,0.2222222222222222
x_white_65+ y.o.,0,m_a=1,-0.19718303398158454,-0.060801877774509516,-0.19718303398158454,-0.06080187777450957,0.5,0.5,-0.06260608306938908,0.3150653181626633,0.2222222222222222
x_white_65+ y.o.,0,m_u,-0.29911073693275836,-0.0033755673234574513,-0.21223973118726003,-0.09024657306895571,0.0,0.0,0.06873156342182891,0.3150653181626633,0.2222222222222222
x_white_65+ y.o.,0,m_y=0,0.3479615205034278,0.48836721531992594,0.35114266824437723,0.48584097595697917,0.0,0.0,0.27976190476190477,0.3150653181626633,0.2222222222222222
x_white_65+ y.o.,0,m_y=1,0.006408947219428918,0.16014192328555507,0.04800219660196686,0.12425521374533777,1.0,0.5,0.11339586339586341,0.3150653181626633,0.2222222222222222
x_white_65+ y.o.,1,m_a=0,-0.4417636325476251,-0.05252229363240518,-0.3129421543249837,-0.18134377185504666,0.0,0.0,-0.002274534898013783,0.31713893518972447,0.23037716615698267
x_white_65+ y.o.,1,m_a=1,-0.14581321743686143,0.006383077988104446,-0.14581321743686143,0.006383077988104498,1.0,1.0,-0.04136497064579259,0.31713893518972447,0.23037716615698267
x_white_65+ y.o.,1,m_u,-0.3005111555380733,0.012267210053221844,-0.21271694889668114,-0.07552699658817036,0.0,0.0,0.09023433669967643,0.31713893518972447,0.23037716615698267
x_white_65+ y.o.,1,m_y=0,0.3644995174227109,0.5056909354682563,0.36662875992262567,0.504031499733876,0.0,0.0,0.19211822660098524,0.31713893518972447,0.23037716615698267
x_white_65+ y.o.,1,m_y=1,0.03467962664362603,0.19027345766544118,0.07436770562869793,0.15643860239635093,1.0,1.0,0.12626312660986724,0.31713893518972447,0.23037716615698267
x_white_65+ y.o.,2,m_a=0,-0.4610837815111284,-0.07135746938287635,-0.330356866641471,-0.2020843842525336,0.0,0.0,-0.02631469619347162,0.33244876898127673,0.23751274209989806
x_white_65+ y.o.,2,m_a=1,-0.10166956701497021,0.043394873857893534,-0.10166956701497021,0.043394873857893555,1.0,1.0,-0.05654372321038986,0.33244876898127673,0.23751274209989806
x_white_65+ y.o.,2,m_u,-0.3015635151898172,0.005013316162837955,-0.2142796077805236,-0.08227059124645561,0.0,0.0,0.058381247235736386,0.33244876898127673,0.23751274209989806
x_white_65+ y.o.,2,m_y=0,0.3554151614929756,0.4900708009376292,0.36019165802365133,0.4862504535182698,0.0,0.0,0.28205128205128205,0.33244876898127673,0.23751274209989806
x_white_65+ y.o.,2,m_y=1,0.04004643600614205,0.18613693224376734,0.07732498727820891,0.1539949951429167,1.0,1.0,0.10205996903007834,0.33244876898127673,0.23751274209989806
x_white_65+ y.o.,3,m_a=0,-0.4819094207238851,-0.07885297557038079,-0.3527859593412135,-0.20797643695305235,0.0,0.0,-0.025067529754658112,0.3311695906432749,0.23088685015290522
x_white_65+ y.o.,3,m_a=1,-0.11897353257757337,0.03695240930147453,-0.11897353257757337,0.03695240930147459,1.0,1.0,-0.06401968865077573,0.3311695906432749,0.23088685015290522
x_white_65+ y.o.,3,m_u,-0.312375009166471,0.007696646593371603,-0.22602865152653734,-0.07864971104656207,0.0,0.0,0.07488304093567252,0.3311695906432749,0.23088685015290522
x_white_65+ y.o.,3,m_y=0,0.3898716560216424,0.5273595587393626,0.3917559581237049,0.5258877474068031,0.0,0.0,0.3194726166328601,0.3311695906432749,0.23088685015290522
x_white_65+ y.o.,3,m_y=1,0.0527365095670525,0.20362500804843164,0.08959044051578122,0.1722873961620675,1.0,1.0,0.11992213947190253,0.3311695906432749,0.23088685015290522
x_white_65+ y.o.,4,m_a=0,-0.43542118907539606,-0.04373011433181356,-0.30197767349138294,-0.17717362991582647,0.0,0.0,-0.019525150045036868,0.31336510097572046,0.2344546381243629
x_white_65+ y.o.,4,m_a=1,-0.1612690937012876,-0.014094537706932087,-0.16126909370128778,-0.014094537706932173,0.5,0.5,-0.05904466134279801,0.31336510097572046,0.2344546381243629
x_white_65+ y.o.,4,m_u,-0.3085449069670331,0.004256275244773011,-0.21706617193686664,-0.08722245978539342,0.0,0.0,0.06707132592088345,0.31336510097572046,0.2344546381243629
x_white_65+ y.o.,4,m_y=0,0.3492045547108006,0.4900320277735019,0.35273523509514876,0.48722690633470933,0.0,0.0,0.263448275862069,0.31336510097572046,0.2344546381243629
x_white_65+ y.o.,4,m_y=1,0.018869859557206492,0.17357642487302366,0.0596531804132576,0.13854411897573898,1.0,1.0,0.11013285405484174,0.31336510097572046,0.2344546381243629
x_white_65+ y.o.,5,m_a=0,-0.4793269791099747,-0.07528062482710313,-0.34182748522293527,-0.2127801187141427,0.0,0.0,-0.052751870157192446,0.35665867792244954,0.24108053007135577
x_white_65+ y.o.,5,m_a=1,-0.16345080319106203,-0.016444387128807803,-0.16345080319106214,-0.01644438712880788,1.0,1.0,-0.09368329742539144,0.35665867792244954,0.24108053007135577
x_white_65+ y.o.,5,m_u,-0.3323863224555397,-0.022117183053116607,-0.2443786677213562,-0.11012483778730026,0.5,0.0,0.007189869795392753,0.35665867792244954,0.24108053007135577
x_white_65+ y.o.,5,m_y=0,0.35661102282102786,0.5056473604802636,0.36101714451891714,0.5022201623537563,0.5,0.5,0.360752688172043,0.35665867792244954,0.24108053007135577
x_white_65+ y.o.,5,m_y=1,-0.018166899470549225,0.14073802644347783,0.024763090316669116,0.10365474050903753,1.0,1.0,0.06169259783121169,0.35665867792244954,0.24108053007135577
x_white_65+ y.o.,6,m_a=0,-0.43351884690202247,-0.058373024759810155,-0.3114073570908471,-0.18048451457098566,0.0,0.0,-0.015919750534690608,0.3301136363636364,0.2344546381243629
x_white_65+ y.o.,6,m_a=1,-0.12141145150892563,0.022096106086881617,-0.12141145150892571,0.022096106086881548,1.0,1.0,-0.06363239252816127,0.3301136363636364,0.2344546381243629
x_white_65+ y.o.,6,m_u,-0.2794779825746972,0.017356770453485104,-0.19772523737796882,-0.06439597474324325,0.0,0.0,0.06818181818181816,0.3301136363636364,0.2344546381243629
x_white_65+ y.o.,6,m_y=0,0.37566127185199394,0.517688620487488,0.37774177155850297,0.5160441820373494,0.0,0.0,0.25,0.3301136363636364,0.2344546381243629
x_white_65+ y.o.,6,m_y=1,0.04382292534898083,0.19829861363534215,0.08383772713038488,0.1640934105925739,1.0,1.0,0.11591478696741854,0.3301136363636364,0.2344546381243629
x_white_65+ y.o.,7,m_a=0,-0.4717686583079564,-0.03997179255902439,-0.3240454795923118,-0.18769497127466897,0.5,0.0,-0.03141259763759318,0.3281818181818182,0.226809378185525
x_white_65+ y.o.,7,m_a=1,-0.1497535493863818,0.007182519809357635,-0.14975354938638183,0.0071825198093576756,1.0,1.0,-0.07496535988403025,0.3281818181818182,0.226809378185525
x_white_65+ y.o.,7,m_u,-0.3290164713583333,0.009925562267424193,-0.2297297165597187,-0.0893611925311904,0.0,0.0,0.047171717171717156,0.3281818181818182,0.226809378185525
x_white_65+ y.o.,7,m_y=0,0.345218692327366,0.4892766149758111,0.347394366339919,0.48756277895438205,0.5,0.5,0.32954545454545453,0.3281818181818182,0.226809378185525
x_white_65+ y.o.,7,m_y=1,0.01153979599125654,0.17139248593419376,0.054115695832052335,0.13498148516609865,1.0,1.0,0.0935319170771757,0.3281818181818182,0.226809378185525
x_white_65+ y.o.,8,m_a=0,-0.38009969667058496,-0.018346563974399654,-0.2585353353530276,-0.13991092529195703,0.5,0.0,-0.019867402804118972,0.30282842894666717,0.23394495412844035
x_white_65+ y.o.,8,m_a=1,-0.19324255344404612,-0.05719718194711837,-0.19324255344404612,-0.05719718194711843,0.5,0.5,-0.0664312399928838,0.30282842894666717,0.23394495412844035
x_white_65+ y.o.,8,m_u,-0.27628790849222296,0.014629680162252301,-0.1915374680778844,-0.07012076025208627,0.0,0.0,0.07404164604667099,0.30282842894666717,0.23394495412844035
x_white_65+ y.o.,8,m_y=0,0.3459428860639219,0.49183122832815407,0.35007528764592866,0.4885808662531055,0.0,0.0,0.2736175115207373,0.30282842894666717,0.23394495412844035
x_white_65+ y.o.,8,m_y=1,0.021446350445900403,0.18070189831175176,0.06420100218919458,0.1440430689585634,1.0,0.5,0.12531328320802007,0.30282842894666717,0.23394495412844035
x_white_65+ y.o.,9,m_a=0,-0.46801577051262594,-0.08573774395717731,-0.35050883110560804,-0.20324468336419532,0.0,0.0,-0.005534919628758357,0.33857214680744097,0.2273190621814475
x_white_65+ y.o.,9,m_a=1,-0.12114982200484242,0.02824178898092794,-0.12114982200484244,0.028241788980927992,1.0,1.0,-0.04839914999499734,0.33857214680744097,0.2273190621814475
x_white_65+ y.o.,9,m_u,-0.29261172369884664,0.010198450697338324,-0.21489776652568188,-0.06751550647582641,0.0,0.0,0.10080442433383613,0.33857214680744097,0.2273190621814475
x_white_65+ y.o.,9,m_y=0,0.4134577734337411,0.5512160210872117,0.4153743460149074,0.5497361506733817,0.0,0.0,0.24568965517241378,0.33857214680744097,0.2273190621814475
x_white_65+ y.o.,9,m_y=1,0.06779221122609891,0.21760869582886222,0.10352642134945435,0.18735642925195486,1.0,1.0,0.14348323170731708,0.33857214680744097,0.2273190621814475
x_white_65+ y.o.,10,m_a=0,-0.4213898136687001,-0.04563286137897532,-0.2985936254643525,-0.1684290495833229,0.0,0.0,-0.018844604047970108,0.3097992059856467,0.23343527013251783
x_white_65+ y.o.,10,m_a=1,-0.14825617575337285,-0.005368091690203414,-0.148256175753373,-0.005368091690203533,1.0,1.0,-0.05589760094406648,0.3097992059856467,0.23343527013251783
x_white_65+ y.o.,10,m_u,-0.28620530572424235,0.015209733881212939,-0.20143202415172426,-0.06956354769130524,0.0,0.0,0.08980378683768515,0.3097992059856467,0.23343527013251783
x_white_65+ y.o.,10,m_y=0,0.37206874702925125,0.5108793375428076,0.3753650643462632,0.5082645751604713,0.5,0.5,0.303448275862069,0.3097992059856467,0.23343527013251783
x_white_65+ y.o.,10,m_y=1,0.0523390024215189,0.20427729127790017,0.09071538382890632,0.17144703859521532,1.0,1.0,0.13464389917252595,0.3097992059856467,0.23343527013251783
x_white_65+ y.o.,11,m_a=0,-0.4206498244722884,-0.025760019138483248,-0.2974525066345108,-0.14895733697626104,0.0,0.0,-0.00796643453495472,0.31485497424776365,0.23190621814475026
x_white_65+ y.o.,11,m_a=1,-0.1662876711868334,-0.022691131702218148,-0.1662876711868334,-0.022691131702218148,0.5,0.5,-0.04862389271878992,0.31485497424776365,0.23190621814475026
x_white_65+ y.o.,11,m_u,-0.28127590826431076,0.02998829644538964,-0.19708061226641127,-0.05420699955250985,0.0,0.0,0.12672811059907835,0.31485497424776365,0.23190621814475026
x_white_65+ y.o.,11,m_y=0,0.3944749343542923,0.5372738244964661,0.39653305482135215,0.5356932939595604,0.0,0.0,0.29051383399209485,0.31485497424776365,0.23190621814475026
x_white_65+ y.o.,11,m_y=1,0.07342988876887682,0.23019901670191392,0.11192115040270162,0.19764283434053875,1.0,1.0,0.17196449026345934,0.31485497424776365,0.23190621814475026
x_white_65+ y.o.,12,m_a=0,-0.46233932220041274,-0.06738230976100834,-0.3281334660500287,-0.20158816591139248,0.0,0.0,-0.02271721738847931,0.3388827357053856,0.245158002038736
x_white_65+ y.o.,12,m_a=1,-0.11836861365972307,0.03323471602621264,-0.1183686136597231,0.03323471602621256,1.0,1.0,-0.05831958075106658,0.3388827357053856,0.245158002038736
x_white_65+ y.o.,12,m_u,-0.3071825405970526,0.004520904157899852,-0.21845886456273117,-0.08420277187642153,0.0,0.0,0.04591236328395405,0.3388827357053856,0.245158002038736
x_white_65+ y.o.,12,m_y=0,0.34988164505296426,0.4930874568999587,0.35327725581481384,0.49043016035604625,0.0,0.0,0.25396825396825395,0.3388827357053856,0.245158002038736
x_white_65+ y.o.,12,m_y=1,0.012558821821946037,0.16862994028861045,0.05389086973530442,0.13320431454601922,1.0,1.0,0.08459841129744045,0.3388827357053856,0.245158002038736
x_white_65+ y.o.,13,m_a=0,-0.3893369735976647,-0.038343086155984474,-0.2814195192708707,-0.1462605404827786,0.5,0.0,-0.02242753690122111,0.3241883116883117,0.22629969418960244
x_white_65+ y.o.,13,m_a=1,-0.17863146048177803,-0.047219350398089555,-0.17863146048177808,-0.047219350398089555,0.5,0.5,-0.06100176912870403,0.3241883116883117,0.22629969418960244
x_white_65+ y.o.,13,m_u,-0.26463059999035726,0.012682548042305453,-0.1916800810158702,-0.060267970932181725,0.0,0.0,0.09935064935064937,0.3241883116883117,0.22629969418960244
x_white_65+ y.o.,13,m_y=0,0.3916151046859899,0.5346271380645338,0.3957694518579345,0.5314136880847458,0.5,0.5,0.33333333333333337,0.3241883116883117,0.22629969418960244
x_white_65+ y.o.,13,m_y=1,0.05716337246135342,0.20926795109812987,0.09492469521378549,0.17716913094097658,1.0,0.5,0.15614583333333337,0.3241883116883117,0.22629969418960244
x_white_65+ y.o.,14,m_a=0,-0.41190925425266933,-0.03275213660981241,-0.2822566186762462,-0.16240477218623553,0.5,0.0,-0.023794031612891883,0.2997613839729568,0.22884811416921508
x_white_65+ y.o.,14,m_a=1,-0.12880045124142342,0.016213453793179955,-0.1288004512414234,0.016213453793179983,1.0,1.0,-0.07031140210795267,0.2997613839729568,0.22884811416921508
x_white_65+ y.o.,14,m_u,-0.2850550827956514,0.02188148963597747,-0.19425668036922183,-0.06891691279045206,0.0,0.0,0.060996221912905144,0.2997613839729568,0.22884811416921508
x_white_65+ y.o.,14,m_y=0,0.336845912305536,0.4700125165018686,0.3402197901136417,0.46729271326250466,0.0,0.0,0.27619047619047615,0.2997613839729568,0.22884811416921508
x_white_65+ y.o.,14,m_y=1,0.043424702601959964,0.19138176119211428,0.08158611036760341,0.15841221995302252,1.0,1.0,0.11110674009965905,0.2997613839729568,0.22884811416921508
x_white_65+ y.o.,15,m_a=0,-0.4301555101012541,-0.060489053352074273,-0.3135023730899767,-0.17714219036335152,0.0,0.0,-0.01737470622834139,0.3266649167541623,0.23547400611620795
x_white_65+ y.o.,15,m_a=1,-0.11707455224995944,0.02762526255231257,-0.1170745522499595,0.02762526255231263,1.0,1.0,-0.05987260434696856,0.3266649167541623,0.23547400611620795
x_white_65+ y.o.,15,m_u,-0.2643953454736188,0.03089452051486663,-0.1859407172577542,-0.04756010770099786,0.0,0.0,0.08662066896655166,0.3266649167541623,0.23547400611620795
x_white_65+ y.o.,15,m_y=0,0.39455941803307415,0.5401598731816479,0.39741206102061116,0.537965444268496,0.0,0.0,0.2851851851851852,0.3266649167541623,0.23547400611620795
x_white_65+ y.o.,15,m_y=1,0.07100208883301157,0.2284424699318817,0.11033358050347937,0.19515351036052225,1.0,1.0,0.134618590583248,0.3266649167541623,0.23547400611620795
x_white_65+ y.o.,16,m_a=0,-0.41980450674813824,-0.029589247552146813,-0.2857164420315359,-0.1636773122687491,0.0,0.0,-0.00937411082583929,0.305015756302521,0.23547400611620795
x_white_65+ y.o.,16,m_a=1,-0.10659877552182312,0.03727508479222963,-0.10659877552182312,0.03727508479222967,1.0,1.0,-0.047478054274429526,0.305015756302521,0.23547400611620795
x_white_65+ y.o.,16,m_u,-0.281347271553798,0.030822061469764406,-0.1881680055586105,-0.06235720452542312,0.0,0.0,0.08075105042016807,0.305015756302521,0.23547400611620795
x_white_65+ y.o.,16,m_y=0,0.3351291846168616,0.4673133248126539,0.33831300041456147,0.46472208008736393,0.0,0.0,0.21485411140583555,0.305015756302521,0.23547400611620795
x_white_65+ y.o.,16,m_y=1,0.052014400775979686,0.19987196119091646,0.09043712145002691,0.16660250783856867,1.0,1.0,0.1208133971291866,0.305015756302521,0.23547400611620795
x_white_65+ y.o.,17,m_a=0,-0.48801311050715374,-0.04377937985945818,-0.34271809464357056,-0.18907439572304136,0.0,0.0,-0.021386878607736692,0.34118898343036275,0.2359836901121305
x_white_65+ y.o.,17,m_a=1,-0.13434456619884955,0.022086541041802632,-0.1343445661988495,0.022086541041802556,1.0,1.0,-0.056471546297127695,0.34118898343036275,0.2359836901121305
x_white_65+ y.o.,17,m_u,-0.3197887575165752,0.021777860367747037,-0.22435590068737848,-0.07365499646144974,0.0,0.0,0.08001194208090759,0.34118898343036275,0.2359836901121305
x_white_65+ y.o.,17,m_y=0,0.3720775031515938,0.5204493346510262,0.3741715475828196,0.5188311673818722,0.0,0.0,0.29807692307692313,0.34118898343036275,0.2359836901121305
x_white_65+ y.o.,17,m_y=1,0.03755954554388641,0.20042903090165476,0.0794743026110991,0.16492509544163092,1.0,1.0,0.121830856301477,0.34118898343036275,0.2359836901121305
x_white_65+ y.o.,18,m_a=0,-0.459137283427146,-0.05573583842721186,-0.3300382399672624,-0.18483488188709538,0.0,0.0,-0.006784563554333024,0.3220000862663906,0.21967380224260957
x_white_65+ y.o.,18,m_a=1,-0.13437213695039252,0.01692854187887466,-0.13437213695039252,0.016928541878874683,1.0,1.0,-0.0350350046502097,0.3220000862663906,0.21967380224260957
x_white_65+ y.o.,18,m_u,-0.30107537089839326,0.018854874003983224,-0.21339631119051625,-0.06882418570389365,0.0,0.0,0.11505779848171152,0.3220000862663906,0.21967380224260957
x_white_65+ y.o.,18,m_y=0,0.3893338856368128,0.5292912533581529,0.3913345782144009,0.5277390346572857,0.0,0.0,0.23333333333333334,0.3220000862663906,0.21967380224260957
x_white_65+ y.o.,18,m_y=1,0.06053434814646383,0.2148415920304308,0.09862647051743142,0.18247622145527784,1.0,1.0,0.14705882352941174,0.3220000862663906,0.21967380224260957
x_white_65+ y.o.,19,m_a=0,-0.41036134699755533,-0.036251906966589365,-0.2853999842133854,-0.16121326975075922,0.0,0.0,-0.02375057291979433,0.29904417410984924,0.22680937818552496
x_white_65+ y.o.,19,m_a=1,-0.1749680387366528,-0.024957661368994744,-0.17496803873665287,-0.024957661368994754,0.5,0.5,-0.06790965428043189,0.29904417410984924,0.22680937818552496
x_white_65+ y.o.,19,m_u,-0.29424694425002146,0.011803424870803048,-0.20670866181591252,-0.07573485756330585,0.0,0.0,0.06991876490320495,0.29904417410984924,0.22680937818552496
x_white_65+ y.o.,19,m_y=0,0.3539295729040059,0.4963291333429975,0.3567997686820745,0.4940689152450062,0.0,0.0,0.3,0.29904417410984924,0.22680937818552496
x_white_65+ y.o.,19,m_y=1,0.026690399175348906,0.18349160510863002,0.06709054672056988,0.14902044417167679,1.0,1.0,0.11674703739804032,0.29904417410984924,0.22680937818552496
x_white_<65 y.o.,0,m_a=0,-0.2538102211300258,0.03869477132027174,-0.16769236307366972,-0.047423086736084454,0.5,0.0,0.044449644075084394,0.11862266395080633,0.6569826707441386
x_white_<65 y.o.,0,m_a=1,-0.30685432571607696,-0.1516924537747984,-0.30685432571607696,-0.15169245377479834,0.5,0.5,-0.33026674060271033,0.11862266395080633,0.6569826707441386
x_white_<65 y.o.,0,m_u,-0.17122020793252263,0.11237897500897603,-0.09502765361772776,0.03618642069418114,1.0,1.0,-0.003527247687425669,0.11862266395080633,0.6569826707441386
x_white_<65 y.o.,0,m_y=0,0.41141489228714256,0.5606435231833244,0.4135175071225234,0.559058179199186,0.0,0.0,0.2916115328365485,0.11862266395080633,0.6569826707441386
x_white_<65 y.o.,0,m_y=1,0.24589935162599227,0.4116712862293129,0.273053190283991,0.3900027484784113,1.0,1.0,0.3158041358619951,0.11862266395080633,0.6569826707441386
x_white_<65 y.o.,1,m_a=0,-0.23385012255711574,0.03546869910131664,-0.15271012212663682,-0.04567130132916232,0.0,0.0,0.05223681257445273,0.11698813441563419,0.6483180428134556
x_white_<65 y.o.,1,m_a=1,-0.33766381021173,-0.19736963887856146,-0.33766381021173003,-0.1973696388785615,1.0,1.0,-0.32429909284664177,0.11698813441563419,0.6483180428134556
x_white_<65 y.o.,1,m_u,-0.16352812729476937,0.0959617959831266,-0.09188268193835418,0.024316350626711378,1.0,1.0,0.009365874885955389,0.11698813441563419,0.6483180428134556
x_white_<65 y.o.,1,m_y=0,0.3897615047024071,0.5332188826591473,0.39130140712503747,0.5320285266359495,0.0,0.0,0.2756024096385542,0.11698813441563419,0.6483180428134556
x_white_<65 y.o.,1,m_y=1,0.22973799773405862,0.39077497489113,0.2578095828600775,0.3679362269058602,1.0,1.0,0.3206285794710232,0.11698813441563419,0.6483180428134556
x_white_<65 y.o.,2,m_a=0,-0.3020195740945329,0.11637706344442839,-0.16956767709399395,-0.01607483355611044,1.0,0.0,0.031169631437695133,0.1290722761596548,0.636085626911315
x_white_<65 y.o.,2,m_a=1,-0.11023201695860035,0.07878368262314978,-0.11023201695860035,0.0787836826231498,0.0,0.0,-0.3027868969356887,0.1290722761596548,0.636085626911315
x_white_<65 y.o.,2,m_u,-0.22785862352289116,0.1588341205178056,-0.11250985595765514,0.043485352952569584,1.0,1.0,-0.004916011712128229,0.1290722761596548,0.636085626911315
x_white_<65 y.o.,2,m_y=0,0.33212775056957844,0.46146699737547353,0.33421205597810155,0.4597812011188024,0.0,0.0,0.2840134192109743,0.1290722761596548,0.636085626911315
x_white_<65 y.o.,2,m_y=1,0.2307001778940723,0.37449001447419467,0.25183689062678055,0.35691146374044225,1.0,1.0,0.28338762214983715,0.1290722761596548,0.636085626911315
x_white_<65 y.o.,3,m_a=0,-0.21438432077439215,0.06362055050565554,-0.12699747011320978,-0.023766300155526866,0.5,0.0,0.03444233236319566,0.12312432410882035,0.645769622833843
x_white_<65 y.o.,3,m_a=1,-0.34859934868232106,-0.21469804277250482,-0.348599348682321,-0.21469804277250487,0.5,0.5,-0.3234087788071408,0.12312432410882035,0.645769622833843
x_white_<65 y.o.,3,m_u,-0.16725585807267812,0.0946383589074194,-0.09056956596680955,0.017952066801550717,1.0,1.0,-0.0015897458898340988,0.12312432410882035,0.645769622833843
x_white_<65 y.o.,3,m_y=0,0.3686407405153529,0.5056917227315085,0.3704339837846946,0.5042795352106123,0.0,0.0,0.2789903846153846,0.12312432410882035,0.645769622833843
x_white_<65 y.o.,3,m_y=1,0.19662371660819594,0.35093528061481716,0.22480936292090148,0.32768624859273476,1.0,1.0,0.28604516502605676,0.12312432410882035,0.645769622833843
x_white_<65 y.o.,4,m_a=0,-0.26718404967257336,0.09563085616484482,-0.15693670686952038,-0.014616486638208116,1.0,0.0,0.035995967632055814,0.12091511309723016,0.6498470948012233
x_white_<65 y.o.,4,m_a=1,-0.30806408295024584,-0.14139251331506203,-0.3080640829502459,-0.14139251331506217,0.5,0.5,-0.3309758537205237,0.12091511309723016,0.6498470948012233
x_white_<65 y.o.,4,m_u,-0.20033997426882655,0.1376172741093683,-0.10326293004072286,0.040540229881264614,1.0,1.0,-0.00797906372423568,0.12091511309723016,0.6498470948012233
x_white_<65 y.o.,4,m_y=0,0.36418554180284274,0.5297098755011096,0.3668605805600865,0.5276943076159777,0.0,0.0,0.30901735068401726,0.12091511309723016,0.6498470948012233
x_white_<65 y.o.,4,m_y=1,0.2218405029099046,0.4072003565645342,0.2539086380669956,0.3818001447005804,1.0,1.0,0.3121910347716799,0.12091511309723016,0.6498470948012233
x_white_<65 y.o.,5,m_a=0,-0.23435235104516786,0.05354092648186373,-0.14550511811620098,-0.035306306447103177,0.5,0.0,0.033091765163907716,0.12896440129449838,0.636085626911315
x_white_<65 y.o.,5,m_a=1,-0.3342243117343762,-0.19129824439402177,-0.3342243117343762,-0.19129824439402182,1.0,1.0,-0.30824506706859645,0.12896440129449838,0.636085626911315
x_white_<65 y.o.,5,m_u,-0.1722769196119558,0.1001086348223118,-0.09494775232304063,0.022779467533396602,1.0,1.0,0.0007936507936508047,0.12896440129449838,0.636085626911315
x_white_<65 y.o.,5,m_y=0,0.3644435773564788,0.5183337849129953,0.3672799343277021,0.5161610359935103,0.0,0.0,0.2817884729649436,0.12896440129449838,0.636085626911315
x_white_<65 y.o.,5,m_y=1,0.19575279350096675,0.3691326338482582,0.22880638971023023,0.342340220605158,1.0,1.0,0.28410730480666174,0.12896440129449838,0.636085626911315
x_white_<65 y.o.,6,m_a=0,-0.2518659599312243,0.1163342407592329,-0.1380472176214929,0.002515498449501462,1.0,0.0,0.0502445680478954,0.11993415399372515,0.6452599388379205
x_white_<65 y.o.,6,m_a=1,-0.24536673065268488,-0.07727518018828722,-0.24536673065268494,-0.07727518018828711,0.5,0.5,-0.3023403442162457,0.11993415399372515,0.6452599388379205
x_white_<65 y.o.,6,m_u,-0.19756634345600488,0.14543409190227882,-0.09726582797505626,0.0451335764213303,1.0,1.0,0.007328990228013033,0.11993415399372515,0.6452599388379205
x_white_<65 y.o.,6,m_y=0,0.34776431320291,0.4962452880612901,0.35044545280230954,0.4941834741416896,0.0,0.0,0.28810194908072656,0.11993415399372515,0.6452599388379205
x_white_<65 y.o.,6,m_y=1,0.22586264159888225,0.39136325526017146,0.2532199731410816,0.36940464319340893,1.0,1.0,0.32782556620209063,0.11993415399372515,0.6452599388379205
x_white_<65 y.o.,7,m_a=0,-0.24927147838202263,0.10033992068285374,-0.13921837423245526,-0.009713183466713647,1.0,0.0,0.023287379688412213,0.12321716126063952,0.6447502548419979
x_white_<65 y.o.,7,m_a=1,-0.36174675939299383,-0.2039685572695672,-0.3617467593929939,-0.2039685572695672,0.5,0.5,-0.350417912077499,0.12321716126063952,0.6447502548419979
x_white_<65 y.o.,7,m_u,-0.2030261415569296,0.12078551583804309,-0.10646081496612643,0.02422018924723983,1.0,1.0,-0.02107775477340694,0.12321716126063952,0.6447502548419979
x_white_<65 y.o.,7,m_y=0,0.3380510799868162,0.5029637812860659,0.34021443325606937,0.5013085718729285,0.0,0.0,0.3016475483580746,0.12321716126063952,0.6447502548419979
x_white_<65 y.o.,7,m_y=1,0.17494751197193592,0.3620161021119003,0.210531662182165,0.3334640732327092,1.0,1.0,0.27796888060181313,0.12321716126063952,0.6447502548419979
x_white_<65 y.o.,8,m_a=0,-0.22204142930550527,0.014490309858223138,-0.15236614173390622,-0.05518497771337587,0.5,0.0,0.028878994383813694,0.1290643292651997,0.6401630988786953
x_white_<65 y.o.,8,m_a=1,-0.35511954698137405,-0.220444893843262,-0.35511954698137405,-0.220444893843262,1.0,1.0,-0.3228279320822952,0.1290643292651997,0.6401630988786953
x_white_<65 y.o.,8,m_u,-0.15026890364512335,0.08165338792548985,-0.08970199808772746,0.021086482368093906,1.0,1.0,-0.012009110184537028,0.1290643292651997,0.6401630988786953
x_white_<65 y.o.,8,m_y=0,0.403072923636484,0.5562820631668632,0.4057968048220252,0.5542288989724649,0.0,0.0,0.2857452297976394,0.1290643292651997,0.6401630988786953
x_white_<65 y.o.,8,m_y=1,0.21103871478697728,0.382222389993626,0.24374082837858801,0.3560879308818867,1.0,1.0,0.27662652151551514,0.1290643292651997,0.6401630988786953
x_white_<65 y.o.,9,m_a=0,-0.19766885413571994,-0.015268265456628322,-0.1468850939604351,-0.06605202563191324,0.0,0.0,0.02749527426074666,0.12276021332832238,0.6483180428134556
x_white_<65 y.o.,9,m_a=1,-0.4108590440390813,-0.2919786436696084,-0.41085904403908136,-0.2919786436696084,1.0,1.0,-0.3441704691704691,0.12276021332832238,0.6483180428134556
x_white_<65 y.o.,9,m_u,-0.13444411165021866,0.052638584597230226,-0.08989758804468986,0.008092060991701469,1.0,1.0,-0.01325389976931464,0.12276021332832238,0.6483180428134556
x_white_<65 y.o.,9,m_y=0,0.4353285518606388,0.5720795068881155,0.43701854147339203,0.5707968010031408,0.0,0.0,0.29473072781881027,0.12276021332832238,0.6483180428134556
x_white_<65 y.o.,9,m_y=1,0.21158204457872723,0.36409449874910854,0.2391115625989788,0.3418185871362306,1.0,1.0,0.28178678117998507,0.12276021332832238,0.6483180428134556
x_white_<65 y.o.,10,m_a=0,-0.2624570686271651,0.08068614022499401,-0.1576823695488684,-0.024088558853302695,0.5,0.0,0.025950487294029267,0.12787836966142122,0.6447502548419979
x_white_<65 y.o.,10,m_a=1,-0.23227745972495895,-0.067191660416074,-0.2322774597249591,-0.06719166041607409,0.5,0.5,-0.33148213712494573,0.12787836966142122,0.6447502548419979
x_white_<65 y.o.,10,m_u,-0.19949665577706932,0.12184255517851852,-0.10859567868618603,0.03094157808763516,1.0,1.0,-0.012508563227874372,0.12787836966142122,0.6447502548419979
x_white_<65 y.o.,10,m_y=0,0.36783043167422724,0.4999557436889771,0.3692992362523029,0.49877909621106076,0.0,0.0,0.30139910699455796,0.12787836966142122,0.6447502548419979
x_white_<65 y.o.,10,m_y=1,0.22275130023618006,0.3703375309350454,0.24619313703858892,0.35109532685399314,1.0,1.0,0.2832565284178187,0.12787836966142122,0.6447502548419979
x_white_<65 y.o.,11,m_a=0,-0.2092275596494159,0.03435293862563174,-0.13802671411637413,-0.036847906907410063,1.0,0.0,0.028607137211033418,0.12435541804473843,0.6396534148827726
x_white_<65 y.o.,11,m_a=1,-0.3729651971234186,-0.24593581752626847,-0.3729651971234185,-0.2459358175262685,1.0,1.0,-0.33722899091476893,0.12435541804473843,0.6396534148827726
x_white_<65 y.o.,11,m_u,-0.15300528059379767,0.08134808896434531,-0.09065030286464928,0.018993111235196924,1.0,1.0,-0.003972911046420072,0.12435541804473843,0.6396534148827726
x_white_<65 y.o.,11,m_y=0,0.3937562076269111,0.5319316532262346,0.3952916975280147,0.5307391012860162,0.0,0.0,0.3144544314381271,0.12435541804473843,0.6396534148827726
x_white_<65 y.o.,11,m_y=1,0.21865644542979942,0.3738331440041731,0.2466042728527687,0.35098958266275404,1.0,1.0,0.2988242041869802,0.12435541804473843,0.6396534148827726
x_white_<65 y.o.,12,m_a=0,-0.22426832334917676,0.049101799379311556,-0.14107846744221716,-0.034088056527648146,0.5,0.0,0.029021672651173336,0.12459053309906547,0.6299694189602446
x_white_<65 y.o.,12,m_a=1,-0.3515545226178037,-0.21789820518881192,-0.3515545226178038,-0.2178982051888121,0.5,0.5,-0.34808897331569366,0.12459053309906547,0.6299694189602446
x_white_<65 y.o.,12,m_u,-0.16084820557219373,0.09769800093693681,-0.08803283585452587,0.024882631219268897,1.0,1.0,-0.019458024242011637,0.12459053309906547,0.6299694189602446
x_white_<65 y.o.,12,m_y=0,0.37880475486871745,0.527763362416403,0.38102727222916133,0.5260430435334889,0.0,0.0,0.3049332548285282,0.12459053309906547,0.6299694189602446
x_white_<65 y.o.,12,m_y=1,0.21434793461536766,0.3827925943203548,0.24611655733059523,0.3569008766683914,1.0,1.0,0.29054794520547944,0.12459053309906547,0.6299694189602446
x_white_<65 y.o.,13,m_a=0,-0.2246800214846223,0.039745593739955926,-0.14613734760987007,-0.0387970801347963,0.5,0.0,0.033997053613408934,0.11943235759493671,0.6483180428134556
x_white_<65 y.o.,13,m_a=1,-0.37284432810421103,-0.23175137497629472,-0.3728443281042111,-0.23175137497629472,1.0,1.0,-0.33309352978991824,0.11943235759493671,0.6483180428134556
x_white_<65 y.o.,13,m_u,-0.17014011892255482,0.08685293537825106,-0.10078317276481938,0.01749598922051558,1.0,1.0,-0.003134889240506339,0.11943235759493671,0.6483180428134556
x_white_<65 y.o.,13,m_y=0,0.3878535391393293,0.5320545078718997,0.3897204922606227,0.5306238575922626,0.0,0.0,0.2991808007384331,0.11943235759493671,0.6483180428134556
x_white_<65 y.o.,13,m_y=1,0.20842385072533712,0.3701916214872096,0.23644232713110241,0.3475566840437825,1.0,1.0,0.301390980503887,0.11943235759493671,0.6483180428134556
x_white_<65 y.o.,14,m_a=0,-0.26112075645047905,0.020168487482513486,-0.18105166040545173,-0.059900608562513835,0.0,0.0,0.0522482174638218,0.13500938853387445,0.6416921508664628
x_white_<65 y.o.,14,m_a=1,-0.29946633227044606,-0.14133466278275142,-0.29946633227044606,-0.1413346627827513,0.5,0.5,-0.29746107585165144,0.13500938853387445,0.6416921508664628
x_white_<65 y.o.,14,m_u,-0.17664800912483375,0.09875093976073032,-0.1074143097478606,0.02951724038375711,1.0,1.0,0.015870912706825377,0.13500938853387445,0.6416921508664628
x_white_<65 y.o.,14,m_y=0,0.4106134708866189,0.5590018855181547,0.4126126664830747,0.5575057740761251,0.0,0.0,0.28246772831463385,0.13500938853387445,0.6416921508664628
x_white_<65 y.o.,14,m_y=1,0.23240912099448147,0.3977404387274609,0.2605916934183828,0.37535504925284313,1.0,1.0,0.31527913015254794,0.13500938853387445,0.6416921508664628
x_white_<65 y.o.,15,m_a=0,-0.24872557781361224,0.041127994810164076,-0.16291338095072616,-0.044684202052721944,0.5,0.0,0.03216393445131932,0.13246594748294188,0.6386340468909276
x_white_<65 y.o.,15,m_a=1,-0.312535467621505,-0.16515725466765668,-0.31253546762150497,-0.16515725466765668,0.0,0.0,-0.329164665396615,0.13246594748294188,0.6386340468909276
x_white_<65 y.o.,15,m_u,-0.18269231693173776,0.09325636827676753,-0.10824160691293948,0.0188056582579693,1.0,1.0,-0.0032498305654781734,0.13246594748294188,0.6386340468909276
x_white_<65 y.o.,15,m_y=0,0.39078559505088767,0.5292770900032733,0.39210853454391337,0.528248816095436,0.0,0.0,0.3043408360128617,0.13246594748294188,0.6386340468909276
x_white_<65 y.o.,15,m_y=1,0.2172948493141393,0.37262556721508666,0.2443231284447689,0.35059690821617995,1.0,1.0,0.2926195270006311,0.13246594748294188,0.6386340468909276
x_white_<65 y.o.,16,m_a=0,-0.24597820824405553,0.1696995541583366,-0.11437353308152143,0.038094878995802536,1.0,0.0,0.04587377735837661,0.12404254841229631,0.6452599388379205
x_white_<65 y.o.,16,m_a=1,-0.2327964258682469,-0.05947596783296044,-0.23279642586824684,-0.05947596783296045,0.0,0.0,-0.30198582390601053,0.12404254841229631,0.6452599388379205
x_white_<65 y.o.,16,m_u,-0.22435491736002272,0.15325204793782554,-0.10909442987272346,0.03799156045052628,1.0,1.0,0.004659660121845002,0.12404254841229631,0.6452599388379205
x_white_<65 y.o.,16,m_y=0,0.3038716001428771,0.43668749180195565,0.30603809863945963,0.4349387824480997,0.0,0.0,0.2844036697247706,0.12404254841229631,0.6452599388379205
x_white_<65 y.o.,16,m_y=1,0.19859100902534266,0.3477181685648068,0.2219407510874102,0.32831719788516944,1.0,0.5,0.3137791070284127,0.12404254841229631,0.6452599388379205
x_white_<65 y.o.,17,m_a=0,-0.24065930025779794,0.11859987503172992,-0.12303457495784405,0.0009751497317760701,1.0,0.0,0.03943330803086892,0.1351112699060841,0.6381243628950051
x_white_<65 y.o.,17,m_a=1,-0.2807237537001868,-0.1336823070078612,-0.28072375370018665,-0.133682307007861,0.5,0.5,-0.2955640831229418,0.1351112699060841,0.6381243628950051
x_white_<65 y.o.,17,m_u,-0.20338188132308432,0.12021528271140602,-0.1018044003801716,0.018637801768493376,1.0,1.0,0.003149244589628411,0.1351112699060841,0.6381243628950051
x_white_<65 y.o.,17,m_y=0,0.31115252091388745,0.4479432864728623,0.31362292142721576,0.4459500765361142,0.0,0.0,0.2670789018055899,0.1351112699060841,0.6381243628950051
x_white_<65 y.o.,17,m_y=1,0.17360947128537857,0.3297613676594225,0.20307028058459892,0.3050782147580938,1.0,1.0,0.28255484224618665,0.1351112699060841,0.6381243628950051
x_white_<65 y.o.,18,m_a=0,-0.1904802506106874,0.006130799990127861,-0.13552774239640197,-0.04882170822415749,0.0,0.0,0.039138774234751206,0.11918236028943834,0.6641182466870541
x_white_<65 y.o.,18,m_a=1,-0.3762614300006686,-0.2581009345056,-0.37626143000066864,-0.2581009345056,0.5,0.5,-0.3101218147260249,0.11918236028943834,0.6641182466870541
x_white_<65 y.o.,18,m_u,-0.1264310395813459,0.071086565543587,-0.07813929833585276,0.022794824298093777,1.0,1.0,0.0030075187969924727,0.11918236028943834,0.6641182466870541
x_white_<65 y.o.,18,m_y=0,0.41575995177900554,0.5530193187022601,0.4188310676306932,0.5506797600060698,0.0,0.0,0.3004217791411043,0.11918236028943834,0.6641182466870541
x_white_<65 y.o.,18,m_y=1,0.24258020833853447,0.39417141466076133,0.26887540340015864,0.37290695402304663,1.0,1.0,0.31629452108175515,0.11918236028943834,0.6641182466870541
x_white_<65 y.o.,19,m_a=0,-0.22940456579276552,0.10223939706362103,-0.13206510796222332,0.004899939233078857,0.5,0.5,0.04886757586915785,0.12635127001324184,0.6569826707441386
x_white_<65 y.o.,19,m_a=1,-0.31342843413960086,-0.16146635404822596,-0.3134284341396008,-0.16146635404822593,0.5,0.5,-0.3026580594521125,0.12635127001324184,0.6569826707441386
x_white_<65 y.o.,19,m_u,-0.188298228671909,0.12007624721049098,-0.10301299797074978,0.03479101650933168,1.0,0.5,0.015318406163476586,0.12635127001324184,0.6569826707441386
x_white_<65 y.o.,19,m_y=0,0.3755226628330315,0.5204034366072531,0.37777988343262403,0.5186595996130441,0.5,0.5,0.3152156746619287,0.12635127001324184,0.6569826707441386
x_white_<65 y.o.,19,m_y=1,0.22684552636794109,0.3883422480413332,0.2536542033096133,0.3668625385642989,1.0,1.0,0.33851793144442244,0.12635127001324184,0.6569826707441386
